slug,title,description,content,category,tags,faq,thumbnail_url,status,published_at
freelance-engineer-market-price-2026,2026年最新版】フリーランスエンジニアの平均単価相場｜言語・職種別市場価値マップ,"2026年最新のフリーランスエンジニア単価相場を言語・職種・経験年数別に整理。SES商流による差や、年齢・インボイス制度を踏まえた実務的な市場価値と高単価獲得の考え方を解説します。","![フリーランスエンジニア市場価値マップ](/images/articles/001.png)

## 結論：2026年、単価は「スキル×商流×役割」で決まる

2026年現在、フリーランスエンジニアの単価は一律ではなく、**技術スタック・商流の深さ・現場で期待される役割**によって大きく変わります。重要なのは「今の自分はいくらが妥当か」を相場ベースで把握し、次に取る行動を明確にすることです。

---

## 2026年、フリーランスエンジニア市場はどう動いているか

企業のDXは導入フェーズを終え、定着・高度化へ進みました。生成AI実装、クラウド移行、レガシー刷新などの需要は継続していますが、**単純作業中心の案件は減少**し、専門性や上流対応力が単価に直結する構造が強まっています。

---

## 【2026年最新】言語・職種別 フリーランスエンジニア単価相場表

※実務経験3年以上、東京圏、税抜月額の目安。

### 開発言語別 単価相場

| 言語     | 相場レンジ    | 中央値   | 傾向                  |
| ------ | -------- | ----- | ------------------- |
| Go     | 85〜120万円 | 95万円  | マイクロサービス需要で高止まり     |
| Rust   | 90〜130万円 | 100万円 | 供給不足で希少価値が高い        |
| Python | 80〜115万円 | 90万円  | AI実装経験で上振れ          |
| Java   | 65〜95万円  | 75万円  | 案件数最多、設計力で差         |
| PHP    | 60〜90万円  | 70万円  | Laravel前提、SaaS系は高単価 |
| Ruby   | 70〜100万円 | 80万円  | スタートアップ需要が中心        |

### 職種・ポジション別 単価相場

| 職種          | 相場レンジ    | 中央値   | 傾向            |
| ----------- | -------- | ----- | ------------- |
| PM / PMO    | 90〜160万円 | 110万円 | 大規模PJ経験で高評価   |
| SRE / Cloud | 85〜125万円 | 100万円 | DevOps・IaCが必須 |
| フロントエンド     | 70〜100万円 | 80万円  | React/TSが標準   |
| モバイル        | 75〜110万円 | 85万円  | Flutter案件が増加  |

> 最大値ではなく**中央値＋5〜10万円**を現実的な交渉ラインに設定するのが実務的です。

---

**FreelanceBoxへの登録・相談導線**
自分のスキルでどこまで単価が狙えるのかを知ることが第一歩です。FreelanceBoxでは、商流の浅い案件を前提に、現在の市場価値を無料で整理できます。

---

## なぜ同じスキルでも単価が違うのか

### SES業界の商流構造

商流が深くなるほど中間マージンが積み重なり、**エンドが120万円で発注しても、手取りは80万円以下**になることもあります。

### 単価を上げる近道

スキルアップ以上に効果的なのが**商流を浅くすること**です。エンド直請け比率や還元率の考え方は必ず確認しましょう。

---

## 経験年数・年齢と単価の現実

### 経験年数の壁

* 3年目：70万円台が視野
* 5年目：80万円台が安定
* 10年目：役割次第で90万円以上

### 40代・50代の市場価値

コード力だけでなく、**育成・業務知識・調整力**が評価対象になります。役割転換が単価維持の鍵です。

---

## 適正な高単価を獲得するための3つの手順

1. **モダン技術×レガシー経験の掛け合わせ**
2. **商流とマージン構造の確認**
3. **炎上案件を避ける情報収集**

単価だけを追うと稼働過多やミスマッチに陥りやすいため、条件整理は不可欠です。

---

## まとめ

市場価値は固定ではありません。
「今の単価は妥当か」「次に何を積めば10万円上がるか」を定期的に確認することが、2026年以降も生き残るための前提条件です。FreelanceBoxでは、相場確認から相談まで一貫して対応しています。","Market","フリーランス,エンジニア単価,2026年,相場,SES,Go言語,Python,Java,商流,高単価","Q:2026年現在、未経験からフリーランスになるのは難しいですか？|A:AI普及により単純作業案件が減少しているため難易度は上がっています。最低でも2〜3年の実務経験を積んでからの独立が現実的です。;Q:インボイス制度に登録していないと案件は厳しいですか？|A:紹介は可能ですが、消費税分の減額交渉が入るケースが増えています。結果的に手取りが下がる点に注意が必要です。;Q:地方在住でも東京単価のフルリモート案件は取れますか？|A:可能ですが倍率は高めです。週1出社可など柔軟条件があると選択肢が広がります。;Q:50代でもフリーランス案件はありますか？|A:あります。PM経験やレガシー領域の業務知識など、役割特化で評価されます。;Q:単価交渉は自分ですべきですか？|A:エージェント経由の場合は任せる方が有利です。市場予算を把握しているため現実的なラインで調整できます。","/images/articles/001.png",published,2026-01-20 10:00:00
freelance-unit-price-trend-2026,【2026年1月版】フリーランスエンジニア単価相場レポート｜二極化する市場と高騰スキル,"2026年1月最新のフリーランスエンジニア単価相場を解説。AI普及による単価の二極化、Java・Go・Pythonなど言語別相場、商流差による手取りの違いを実務視点で整理。4月契約更新に向けた行動指針も紹介します。","![フリーランス単価相場レポート2026年1月](/images/articles/002.png)

## 結論：2026年は「実装＋AI活用・設計力」で単価差が決まる

2026年1月時点のフリーランス・SES市場は全体としては堅調な微増ですが、内実は明確な二極化が進んでいます。単価が伸びているのは、実装力に加えてAI活用や設計・要件定義まで担える人材です。一方、実装のみの役割は代替が進み、単価は横ばい、もしくは下落傾向にあります。

4月の契約更新・新規参画を見据えるなら、商流の浅い案件に早期に動くことが成果を左右します。

## 2026年1月の全体市況｜K字型に分かれる単価トレンド

1月は例年、新年度に向けた採用・外注が活発化します。2026年も同様ですが、質的な変化が起きています。

### インフレ・賃上げ圧力によるベースアップ

正社員エンジニアの賃上げに連動し、フリーランス単価も底上げされています。以下に該当する層では、前年同月比で月3〜5万円の上昇が見られます。

- 一人称で自走できる
- 週1〜2日の出社に対応可能
- 基本設計以上の経験がある

### AIコーディング定着による需要変化

AIツールの定着により、初級PGやテスト専任の需要は縮小しています。現在は、AIを使いこなして生産性を上げられる若手か、仕様調整や設計ができるミドル層に予算が集中しています。

## 【言語・職種別】最新単価相場データ（2026年）

※経験年数3〜5年、一人称レベル、商流はエンド〜元請直下を想定。

### サーバーサイド

| 言語 | 単価レンジ | 傾向 |
|---|---|---|
| Java | 70〜90万円 | 公共・金融系刷新で安定 |
| Go | 85〜105万円 | 供給不足で高止まり |
| PHP | 65〜80万円 | AWS知識で上振れ |
| Rust | 90〜120万円 | 希少性が高く高単価 |

### フロントエンド・モバイル

- React / TypeScript：75〜95万円
- Next.js経験ありで＋5〜10万円
- Flutter：70〜90万円（ネイティブ知識で100万円超も）

### PM・PMO・コンサル（高騰枠）

- PM / PMO：90〜130万円
- ITコンサル：120〜180万円

## 単価を左右する見えない要素｜商流と働き方

### 商流による手取り差

同じスキルでも、商流で月20万円以上の差が出ます。

- エンド・元請直：80万円 → 手取り80万円
- 多重下請：発注100万円 → 手取り60万円

商流を一段浅くするだけで、年収が100〜200万円変わるケースも珍しくありません。

### リモートと出社のトレードオフ

フルリモートは人気ですが競争率が高く、単価は伸びにくい傾向です。単価重視ならハイブリッド、自由度重視ならフルリモートと考えるのが現実的です。

## 4月参画に向けて1月にやるべきこと

### 経歴書のアップデート

2026年はAI活用実績の記載が必須です。どのツールを使い、どの工程を改善したかを具体的に書きましょう。

### 条件交渉の前倒し

継続案件でも、1月中の交渉が重要です。3月では遅く、予算はすでに固まっています。

## 注意点・今後の懸念

40代・50代でレガシー案件に長期滞在することはリスクです。クラウド移行やAX案件への接点を持ち、市場価値の棚卸しを定期的に行いましょう。

## まとめ

2026年の市場は明るい一方で、選別は厳しくなっています。商流の浅さと付加価値が単価を決める時代です。

自分の適正単価を把握し、4月から条件の良い案件に移りたい方は、FreelanceBoxでの無料相談をご活用ください。","Market","単価相場,2026年,フリーランス,SES,市場動向,Java,Go,AIエンジニア,商流,キャリアパス","Q:経験2年でもフリーランスになれますか？|A:可能ですが2026年は育成枠が減少しており一人称で実装とテストを完遂できるスキルが前提です;Q:インボイス未登録だと不利ですか？|A:課税事業者が優先されるケースが多く未登録の場合は消費税分の調整が入ることがあります;Q:40代50代でも高単価案件はありますか？|A:あります。レガシー刷新やPMPL領域では高単価需要が継続しています;Q:フルリモート案件は減っていますか？|A:減少傾向で週1〜2出社のハイブリッドが主流です;Q:4月参画の案件はいつ探すべきですか？|A:1月中旬から2月上旬が最適で好条件案件は早期に埋まります","/images/articles/002.png",published,2026-01-20 10:00:00
freelance-take-home-pay-simulationunit-price-tax-insurance-2026,"【2026年版】フリーランスの手取り早見表｜月単価60万・80万・100万の税金・保険料シミュレーション","フリーランスの手取りは額面の何割？月単価60万・80万・100万のケース別に、税金・社会保険・インボイス消費税を差し引いたリアルな手取りをシミュレーション。会社員比較や手取り最大化の考え方も解説します。","![フリーランスの手取り早見表2026](/images/articles/003.png)

## 結論：フリーランスの手取りは売上の65〜75%

結論から言うと、ITフリーランスの手取り目安は売上の約65%〜75%です。月単価が上がるほど税金・社会保険・消費税（インボイス）の影響が大きくなり、額面だけを見て判断すると「思ったより残らない」と感じやすくなります。

本記事では、月単価60万・80万・100万円の3ケースで、税金・保険料・消費税を差し引いたリアルな手取りを試算します。

---

## 【前提知識】フリーランスの手取りを決める4つの要素

フリーランスの手取りは、以下4要素で決まります。

- 所得税：課税所得に応じた累進課税
- 住民税：前年所得に対して約10%
- 社会保険料：国民健康保険（上限あり）＋国民年金（定額）
- 消費税（インボイス）：売上に応じた納税

※本記事では「独身・扶養なし・青色申告（65万円控除）・インボイス登録済み」を前提としています。

---

## 【シミュレーション】単価別・リアルな手取り額一覧

### 月単価60万円（年商720万円）

| 項目 | 年額目安 | 月額換算 |
|---|---|---|
| 売上（税込） | 792万円 | 66万円 |
| 消費税 | ▲15万円 | ▲1.2万円 |
| 所得税 | ▲25万円 | ▲2.1万円 |
| 住民税 | ▲45万円 | ▲3.7万円 |
| 国民健康保険 | ▲50万円 | ▲4.2万円 |
| 国民年金 | ▲20万円 | ▲1.7万円 |
| 手取り合計 | 約637万円 | 約53万円 |

---

### 月単価80万円（年商960万円）

| 項目 | 年額目安 | 月額換算 |
|---|---|---|
| 売上（税込） | 1,056万円 | 88万円 |
| 消費税 | ▲50万円 | ▲4.2万円 |
| 所得税 | ▲65万円 | ▲5.4万円 |
| 住民税 | ▲70万円 | ▲5.8万円 |
| 国民健康保険 | ▲85万円 | ▲7.1万円 |
| 国民年金 | ▲20万円 | ▲1.7万円 |
| 手取り合計 | 約766万円 | 約63.8万円 |

---

### 月単価100万円（年商1,200万円）

| 項目 | 年額目安 | 月額換算 |
|---|---|---|
| 売上（税込） | 1,320万円 | 110万円 |
| 消費税 | ▲65万円 | ▲5.4万円 |
| 所得税 | ▲110万円 | ▲9.1万円 |
| 住民税 | ▲90万円 | ▲7.5万円 |
| 国民健康保険 | ▲100万円 | ▲8.3万円 |
| 国民年金 | ▲20万円 | ▲1.7万円 |
| 手取り合計 | 約935万円 | 約78万円 |

---

## 会社員との手取り比較で見落としがちなポイント

- 会社員は社会保険料が会社折半
- フリーランスは退職金・ボーナスなし
- 有給・傷病手当がないため、単価設定が重要

---

## 手取りを最大化する3つの防衛策

1. 経費の適正計上（家事按分）
2. 小規模企業共済・iDeCoの活用
3. 商流改善による単価アップ

節税には限界がありますが、単価アップには上限がありません。多重下請け構造を避け、直請け案件を選ぶことが最も効果的です。

中盤導線：現在の単価が適正か気になる方は、FreelanceBoxで市場相場を一度確認してみてください。

---

## まとめ：額面ではなく手取りで判断しよう

フリーランスの手取りは、**税込売上の65〜75%**が目安です。インボイスや社会保険を踏まえた上で、キャリアと単価戦略を設計することが重要です。

現在のスキルで出せる最高単価や、手取りを最大化する商流選びについては、FreelanceBoxでの無料相談をご活用ください。","Tax","フリーランス,手取り,シミュレーション,税金,インボイス,年収,確定申告,国民健康保険,経費,単価相場","Q:フリーランスの手取りは何割くらいですか？|A:消費税や社会保険料を含めると売上の約65%〜75%が目安です。;Q:インボイス未登録だと手取りは増えますか？|A:短期的には増える場合もありますが、値下げ要求や契約機会損失のリスクがあります。;Q:国民健康保険料を抑える方法はありますか？|A:国保組合加入やマイクロ法人化で最適化できる場合があります。;Q:住民税はいつから支払いますか？|A:前年所得に基づき翌年6月から支払いが始まります。;Q:単価交渉のベストタイミングは？|A:契約更新時が一般的で、実績と市場相場を根拠に交渉します。","/images/articles/003.png",published,2026-01-20 10:00:00
freelance-engineer-not-earning-2026,"【2026年最新】フリーランスは稼げない？年収が上がらない理由と単価二極化の真実","「フリーランスは稼げない」は本当か。SES業界の構造、商流による中抜き、会社員との損益分岐点を2026年最新動向で解説。年収が伸びない原因と、適正単価で稼ぐための具体策を整理します。","![フリーランスは稼げない？](/images/articles/004.png)

## 結論：フリーランスは「稼げない」のではなく、二極化している

結論から言えば、フリーランスエンジニアが稼げないのではありません。**稼げる層と稼げない層の二極化が、2026年現在はっきり進んでいる**のが実態です。

年収が伸びない原因の多くは、技術力不足ではなく「商流（どの位置で仕事を受けているか）」と「市場価値の把握不足」にあります。この記事では、業界構造を踏まえつつ、損をしないための考え方と具体策を整理します。

---

## 「フリーランスは稼げない」と言われる3つの構造的理由

### 多重下請け構造による見えない中抜き

日本のIT業界では、案件が元請けから2次、3次と流れる過程でマージンが抜かれます。

- 直請け・1次請け：月単価80〜100万円
- 3次請け以降：月単価50〜60万円

仕事内容が同じでも、**年換算で200〜300万円以上の差**が生まれます。稼げないと感じる多くのケースは、商流が深い位置にいることが原因です。

### 税金・保険・経費の認識不足

会社員年収500万円から、フリーランスで年商600万円に増えても安心はできません。社会保険の全額自己負担、住民税、インボイス対応などを考慮すると、**手取りは会社員時代と大差ない**こともあります。

### 案件とスキルのミスマッチ

レガシー保守や単純実装中心の案件は、2026年現在、AI支援の普及により単価が伸びにくくなっています。市場ニーズとスキルがズレていると、稼働量を増やしても年収は上がりません。

---

## 年収が上がらないエンジニアに共通する5つの特徴

- 商流を確認せず契約している
- エージェント任せで単価交渉をしない
- スキルシートが数年更新されていない
- 単価より安定を優先しすぎている
- インボイス制度への対応が曖昧

1つでも当てはまる場合、環境を変える余地があります。

---

## 会社員年収とフリーランス年商の損益分岐点

目安として、フリーランスは**会社員時代の年収の1.3〜1.5倍**で初めてリスクとリターンが釣り合います。

| 状態 | 会社員年収 | フリーランス年商 |
|---|---|---|
| トントン | 500万円 | 650〜700万円 |
| 余裕あり | 500万円 | 800万円以上 |

1.1〜1.2倍程度であれば、割に合っていない可能性が高いといえます。

---

## 2026年以降も稼ぎ続けるためのアクション

### 商流の浅い案件に切り替える

直請け・1次請けに強いエージェントへ切り替えるだけで、**スキルは同じでも単価が10万円以上上がる**ケースは珍しくありません。

### 上流・設計・提案スキルへシフト

AI時代は「何を作るかを定義できる人」が評価されます。要件定義、クラウド設計、チームリード経験を明確にしましょう。

### 相見積もりで市場価値を把握する

複数エージェントに単価を確認することで、中抜きの有無や適正レンジが見えてきます。

---

## 注意点：高単価案件の落とし穴

高単価には、短期終了、炎上、支払いサイトの長さといったリスクもあります。条件面は必ず事前に確認しましょう。

---

## まとめ：環境を変えれば年収は変わる

「フリーランスは稼げない」は、構造を知らないまま不利な位置にいる人の声です。商流と市場価値を理解すれば、フリーランスは十分に合理的な選択肢になります。

もし今の単価が適正かわからないなら、一度立ち止まって見直すことが重要です。FreelanceBoxでは、商流の浅い案件を中心に、あなたの市場価値を整理する相談が可能です。","Career","フリーランス,エンジニア,年収,稼げない,SES,商流,単価交渉,手取り,キャリアプラン,スキルチェンジ","Q:フリーランスエンジニアの平均年収はどれくらいですか？|A:スキルや商流によりますが、年収700万〜1,000万円がボリュームゾーンです。;Q:実務経験が浅くてもフリーランスで稼げますか？|A:実務2年未満では単価が低くなりやすく、会社員の方が安定するケースが多いです。;Q:インボイス制度に登録しないと不利ですか？|A:案件選択肢が減り、消費税分の値下げ要請を受ける可能性があります。;Q:40代・50代でも稼ぎ続けられますか？|A:上流工程やPM、教育役割を担える人材は年齢に関係なく需要があります。;Q:単価交渉のベストなタイミングは？|A:契約更新の1ヶ月前に、市場相場を根拠にエージェント経由で行うのが効果的です。","/images/articles/004.png",published,2026-01-20 10:00:00
java-engineer-unit-price-market,"【2026年版】Javaエンジニアの単価相場｜経験年数・Spring Boot別の市場評価","【2026年最新】Javaエンジニアのフリーランス単価相場を、経験年数（1年・3年・5年〜）とスキル（Spring Boot・クラウド）別に解説。SES業界のリアルな市場評価と、月単価80万円以上を目指すための具体戦略を紹介します。","![Javaエンジニア単価相場2026](/images/articles/005.png)

## 【結論】Javaエンジニアの単価相場は「二極化」が進んでいる

結論から言うと、2026年現在のJavaエンジニア市場は**モダン環境に対応できる層と、レガシー環境に留まる層で単価が大きく二極化**しています。

Spring Bootやクラウド（AWSなど）を用いた開発経験があるエンジニアは売り手市場で、単価は上昇傾向です。一方で、Strutsなど旧来フレームワーク＋オンプレミス中心の保守案件では、単価は横ばい、もしくは実質的に低下しています。

---

## 【年数別】Javaフリーランスの単価相場表

以下は、首都圏のSES・フリーランス市場における標準的な月額単価の目安です。

| 経験年数 | 役割レベル | 単価相場（月額） | 期待されるスキル感 |
|---|---|---|---|
| 1〜2年 | ジュニア（PG） | 40〜55万円 | 詳細設計〜実装・テストを指示通り対応 |
| 3〜4年 | ミドル（PG/SE） | 60〜75万円 | 基本設計を一人称で担当、Spring Boot基礎 |
| 5年以上 | シニア（SE/TL） | 75〜90万円 | 要件定義、レビュー、設計方針決定 |
| スペシャリスト | PM/テックリード | 90〜120万円 | クラウド設計、マイクロサービス、統括 |

※税込・精算幅ありのSES契約想定。商流やエンド予算で変動します。

**経験5年以上で単価60万円台の場合、市場相場より低い可能性が高い**と言えます。原因はスキルよりも商流やエージェント選定にあるケースが多いです。

> 単価は「個人のスキル」×「案件予算」で決まります。

### 今の単価は適正？
FreelanceBoxでは、非公開案件を含めた相場診断が可能です。現在地を知るだけでも価値があります。

---

## 「Spring Boot」経験が市場価値を分ける理由

現在のJava高単価案件では、**Spring Bootの実務経験は事実上の必須条件**です。

### レガシー案件との単価差
- レガシーJava（Struts等）：〜65万円
- モダンJava（Spring Boot）：70万円〜\n
月額で**5〜15万円の差**が出ることも珍しくありません。

### Javaバージョンの違い
Java 8中心の現場から、Java 17/21（LTS）への移行が進んでいます。Java 8止まりだと、選べる案件が徐々に減り、交渉力が下がるリスクがあります。

---

## 単価が決まる3つの構造的要因（スキル以外）

### 1. 商流（誰から受けるか）
- エンド直・プライム：80万円〜
- 2次・3次請け：〜60万円

同じ作業内容でも、商流次第で10万円以上の差が出ます。

### 2. ポジション（何を決めるか）
実装専任（PG）では70万円前後が上限になりやすく、設計・要件定義を担うことで80万円超が見えてきます。

### 3. ドメイン（業界）
金融系は安定、Web・SaaS系は技術が新しく高単価が出やすい傾向です。

---

## 月単価80万円以上の高単価Javaエンジニアになるには

- **クラウド（AWS/Azure）との掛け合わせ**
- **API設計・マイクロサービス経験**
- **Docker / Kubernetesなどコンテナ技術**

Java単体ではなく、周辺技術を組み合わせることで一気に市場価値が上がります。

---

## 注意点：Java案件選びで失敗しないために

注意すべきは、技術的負債の返済だけを目的とした**塩漬け保守案件**です。

面談時には以下を必ず確認しましょう。
- Javaバージョン
- フレームワーク
- テストコード・CI/CDの有無

---

## まとめ：自分の適正市場価値を知ることから始めよう

Javaエンジニアは需要が多い分、選択を誤ると単価が伸びません。単価が上がらない原因は、スキルではなく商流やポジションにあることが大半です。

FreelanceBoxでは、エンド直・高還元案件を中心に、キャリア戦略から案件提案まで一貫してサポートしています。まずは相場確認からでも構いません。","Market","Java,Spring Boot,単価相場,フリーランス,SES,バックエンド,高単価,クラウド","Q:Javaの実務経験が1年未満でもフリーランスになれますか？|A:可能ですが単価は40〜50万円程度が目安です。まずは2〜3年の実務経験を積むのが現実的です。;Q:Java 8の経験しかありませんが高単価案件に入れますか？|A:可能ですがJava 17以降やクラウド知識のキャッチアップが求められます。;Q:AWSなどインフラ知識は必須ですか？|A:必須ではありませんが70万円以上を狙うなら理解しておくと有利です。;Q:Kotlinへ転向すべきですか？|A:サーバーサイドではJava需要が依然高く、Javaを軸に周辺技術を学ぶ方が安定します。;Q:40代・50代でも高単価案件はありますか？|A:あります。要件定義やリーダー経験が重視され年齢は大きな障壁になりません。","/images/articles/005.png",published,2026-01-20 10:00:00
programming-language-ranking-2026,"【2026年最新】プログラミング言語別単価ランキングTOP10｜Go・Rustが稼げる本当の理由","2026年最新版のフリーランスエンジニア向け言語別単価ランキング。Go・Rustなど高単価言語の相場、Python案件の落とし穴、Javaから年収アップする現実的戦略まで、SES・エージェント視点で徹底解説します。","![プログラミング言語別単価ランキング2026](/images/articles/006.png)

## 結論：2026年は「言語選び」が年収を分ける

2026年のエンジニア市場は明確に二極化しています。AIによって誰でも書けるコードの価値は下がり、**高負荷・大規模・設計力が求められる言語**の価値が上昇しました。結果として、選ぶ言語と関わる工程次第で、同じ稼働時間でも月20万円以上の差が生まれています。

本記事では、SES・フリーランスエージェントの現場データをもとに、**単価×需要の安定性**で評価した「稼げる言語ランキング」を解説します。

---

## 【2026年最新】稼げるプログラミング言語ランキングTOP10

評価軸は以下の3点です。
- 月額単価の中央値
- 案件数と継続性
- 今後3〜5年の需要

### 1位〜3位：ハイエンド層

|順位|言語|月額単価目安|特徴|
|---|---|---|---|
|1位|Rust|90〜140万円|WebAssembly・基盤リプレイスで供給不足|
|2位|Go|85〜120万円|マイクロサービスの事実上標準|
|3位|Scala|80〜115万円|並行処理・大規模データ領域で強い|

Rustは学習難易度が高く参入障壁があるため、**書ける人材の希少性**が単価に直結しています。Goは案件数と単価のバランスが最も良く、安定して高単価を狙える言語です。

### 4位〜7位：特定領域特化

- **Kotlin（80〜100万円）**：Javaからの移行需要が強く、単価アップしやすい
- **Python（70〜130万円）**：AI/MLは高単価だが、軽量案件は低単価
- **Swift（75〜95万円）**：SwiftUI対応で差が出る
- **TypeScript（70〜95万円）**：フルスタックで100万円超も可能

### 8位〜10位：堅実・ニッチ

- **Solidity/Vyper**：Web3の専門家は依然高単価
- **Java（65〜90万円）**：設計・アーキテクト層は健在
- **Dart（Flutter）**：スタートアップ初期開発で需要増

---

## なぜGo・Rustはここまで高単価なのか

### モダン化案件の予算規模

GoやRust案件の多くは、既存の巨大システムを刷新する**リプレイス案件**です。企業の中核システムを扱うため、予算が大きく、エンジニアへの報酬も高く設定されます。

### 静的型付け・堅牢性への回帰

大規模化が進む中で、**コンパイル時に品質を担保できる言語**が再評価されています。「バグを出さない信頼性」に対して対価が支払われている状態です。

---

## 「言語」だけで単価は決まらない3つの変数

1. **商流**：エンド直・元請けかどうかで20万円以上差が出る
2. **工程**：設計・要件定義に関われるか
3. **ドメイン知識**：FinTech・医療・物流などの業務理解

高単価言語でも、商流が深いと単価は伸びません。

---

## 要注意：Pythonが安く見える理由

Pythonは案件の幅が広すぎます。AIモデル開発やMLOpsは高単価ですが、**スクレイピングや簡易自動化**は50万円台も珍しくありません。平均値が下がりやすい言語です。

---

## 今のスキルから年収を上げるロードマップ

### Java / PHP エンジニア
- 次の一手：Go または Kotlin
- 理由：業務アプリ経験を活かせる

### Ruby / JavaScript エンジニア
- 次の一手：Go または TypeScript（フルスタック）

### C/C++ 組込みエンジニア
- 次の一手：Rust
- 低レイヤー知識が強力な武器になる

---

## まとめ：流行ではなく希少性で選ぶ

高単価の本質は「需要に対して供給が足りない場所」にあります。2026年時点ではGoとRustがその代表例です。

今の単価が妥当か、商流で損していないかを知るだけでも大きな差になります。**FreelanceBoxでは、エンド直請け案件を前提に市場価値診断やキャリア相談を行っています。**今後の言語戦略に迷ったら、一度相談してみてください。","Skill","プログラミング言語,Go,Rust,Kotlin,Python,単価相場,フリーランス,キャリアアップ,スキルチェンジ","Q:実務未経験でGoやRustの案件に入れますか？|A:可能です。ただし他言語でのバックエンド経験とGithub等での学習成果が求められるケースが一般的です。;Q:40代・50代から新しい高単価言語にシフトしても間に合いますか？|A:問題ありません。設計力や業務知識を評価する案件が多く、ベテランほど有利な場合もあります。;Q:Pythonは稼げると聞くのに順位が低いのはなぜ？|A:高単価AI案件と低単価自動化案件が混在し、平均単価が下がりやすいためです。;Q:JavaやPHPではもう年収アップは無理ですか？|A:設計工程やモダン技術へシフトすれば可能ですが、言語固定では上限が見えやすいです。;Q:言語を変えるだけで単価は上がりますか？|A:上がるケースもありますが、商流と工程を同時に改善することが前提条件です。","/images/articles/006.png",published,2026-01-20 10:00:00
infra-freelance-market-price-2026,"【2026年版】インフラエンジニアのフリーランス単価相場とリモート案件の現実（AWS/Azure）","AWS・Azureを中心としたインフラエンジニアのフリーランス単価相場とリモート案件の実態を2026年最新動向で解説。設計構築・SREの月額目安や単価100万円超えに必要なスキル、商流の選び方まで実務視点で整理します。","![インフラエンジニア単価相場2026](/images/articles/007.png)

## 結論：クラウド対応力で単価は二極化している

2026年現在、インフラエンジニアのフリーランス市場は引き続き堅調ですが、単価は明確に二極化しています。AWSやAzureを活用し、IaCやSRE領域まで対応できるエンジニアは月額90万〜120万円超。一方、オンプレ中心・運用保守止まりの場合は60万円前後で頭打ちになりがちです。

ポイントは「手を動かせるクラウド設計・構築力」と「商流の浅さ」。この2点を押さえるだけで、市場価値は大きく変わります。

---

## インフラエンジニア（AWS/Azure）のフリーランス単価相場【2026年最新】

インフラ案件は、言語よりも**担当フェーズとクラウド経験**によって単価が決まります。

### フェーズ・スキルレベル別の月額単価目安

| 役割・スキル | 月額単価目安 | 内容 |
|---|---|---|
| 運用保守・監視 | 50〜65万円 | 定型作業、障害一次対応 |
| 設計・構築（オンプレ） | 60〜75万円 | サーバー・NW設計、構築 |
| 設計・構築（クラウド） | 70〜90万円 | AWS/Azure設計、移行 |
| SRE / クラウドネイティブ | 90〜120万円以上 | IaC、CI/CD、K8s |
| PM / PMO（インフラ） | 80〜110万円 | 移行PJ管理、調整 |

※首都圏・エンド直請け〜2次請け想定。

### なぜクラウド経験で20万円以上の差が出るのか

クラウドでは、スケーラビリティやコスト、セキュリティまで含めた設計力が求められます。IaCによる再現性ある構築ができる人材は希少で、単価が跳ね上がります。

### AWSとAzureの単価・需要の違い

- **AWS**：案件数最多。競争は激しいが選択肢が広い
- **Azure**：大企業・金融系で需要急増。技術者不足によりAWSより5〜10万円高いケースも

---

## インフラ案件のリモートワーク実態

### フルリモートが可能な案件

- Web系・SaaS・スタートアップ
- AWS/GCP中心、物理作業なし

### 出社・ハイブリッドが多い案件

- 金融・公共・SIer
- セキュリティ要件やVDI制約あり

**面談時はVDI環境や作業端末条件の確認が必須**です。

---

## 単価80万〜100万円超えに必須のスキル

### IaC（Terraform / CloudFormation）

手動構築から脱却し、コードでインフラを管理できることが高単価の前提条件です。

### コンテナ・Kubernetes

EKS / AKSなどの実務経験は市場価値が非常に高く、半年程度でも評価されます。

### 監視・オブザーバビリティ

DatadogやNew Relicを使い、開発と連携できるインフラ人材は重宝されます。

---

## フリーランスが陥りやすい失敗

### 商流が深すぎる案件

4次請け以降では、中抜きにより手取りが大幅に減少します。エンド直請け案件を扱うエージェント選びが重要です。

### 運用保守だけに留まるリスク

長期的に市場価値が下がるため、構築・改善フェーズへの移行を意識しましょう。

---

## まとめ：市場価値を高めるために

- IaC・クラウド設計構築に関わる
- Azureなど需給バランスの良い領域を狙う
- 商流の浅い案件を選ぶ

これだけで年収1,000万円ラインは現実的です。

FreelanceBoxでは、エンド直請けの高単価インフラ案件を多数掲載しています。今の単価が適正か知りたい方は、無料相談からお気軽にご活用ください。","Market","インフラエンジニア,AWS,Azure,フリーランス,単価相場,フルリモート,Terraform,SRE,クラウド構築,年収","Q:オンプレ経験のみですがクラウド案件に参画できますか？|A:可能です。移行案件やハイブリッド構成から入り、段階的にクラウド経験を積むのが王道です。;Q:40代・50代でもフリーランスとして通用しますか？|A:通用します。インフラは経験値や障害対応力が評価されやすく、年齢ハンデは比較的小さいです。;Q:夜間や休日のオンコール対応は必須ですか？|A:必須ではありません。構築フェーズ中心の案件では平日日中稼働が基本です。;Q:AWSとAzureはどちらを学ぶべきですか？|A:案件数重視ならAWS、単価と競合の少なさ重視ならAzureがおすすめです。;Q:フルリモート案件で注意すべき点は？|A:VDI環境やコミュニケーション不足による手戻りです。事前確認が重要です。","/images/articles/007.png",published,2026-01-20 10:00:00
pmo-consultant-high-rate-reality-2026,PMO・ITコンサルの単価はなぜ高い？月150万の現実と市場構造【2026年最新】,"PMOやITコンサルのフリーランス単価が月150万円を超える構造的理由を解説。高単価PMOと事務局PMOの違い、開発経験の活かし方、商流の選び方まで実務視点で整理します。","![PMO・ITコンサル単価2026](/images/articles/008.png)

## 結論：PMO・ITコンサルの月150万円は“釣り”ではない

結論から言うと、**月150万円以上のPMO・ITコンサル案件は実在**します。これは一部の特別な人だけの話ではなく、市場構造として説明できる現象です。開発エンジニアより単価が高くなりやすい理由は、「予算に近い」「レバレッジが大きい」「人材が希少」という3点に集約されます。

---

## なぜPMO・ITコンサルの単価は高いのか？構造的理由

### 理由1：ビジネスの上流（予算発生源）に近いから
PMOやITコンサルは、事業会社の決裁者やプライムベンダーPMの直下で動きます。要件定義・計画・予算管理といった**上流工程**に関与するため、構造上、単価が高く設定されやすくなります。

### 理由2：「回せる人」が圧倒的に不足しているから
エンジニア不足以上に不足しているのが、**プロジェクト全体を整理し、前に進められる人材**です。炎上リスクの検知や関係者調整ができるPMOは、企業にとって代替が効きません。

### 理由3：一人で全体に効く“レバレッジ効果”
優秀なPMOが入ることで、手戻り削減・意思決定の高速化・遅延防止が実現します。**数千万円規模の損失回避**につながるため、その期待値が単価に反映されます。

---

## 【実態】月150万円稼げるPMOと稼げないPMOの違い

### 単価レンジ別スキルマップ

| グレード | 想定単価 | 役割 |
|---|---|---|
| PMOアドミニ | 60〜80万 | 事務局、議事録、管理表更新 |
| PMOエキスパート | 90〜130万 | 課題抽出、進捗推進、PM補佐 |
| PMOマネージャー/コンサル | 150万〜 | 意思決定支援、計画策定、ベンダー統制 |

### 「PMO＝事務局」では単価は上がらない
高単価PMOに求められるのは、**課題を定義し、打ち手を提示し、合意を取る力**です。受動的な作業だけでは上限があります。

### 開発経験があるPMOが強い理由
技術的妥当性を判断でき、現場と共通言語で話せるPMOは希少です。**開発×マネジメント**の掛け算が市場価値を最大化します。

---

## 技術力があっても単価が上がらない「商流の罠」

### エンド直・元請け直でないと150万は届かない

- 浅い商流：エンド180万 → エージェント → 本人160万
- 深い商流：エンド180万 → 元請 → 二次 → 三次 → 本人80万

PMO案件は商流が深くなりがちです。**高単価の条件は商流選び**にあります。

### 多重下請けPMOのリスク
裁量がなく、責任だけ重いケースも少なくありません。単価と役割が釣り合わない案件には注意が必要です。

---

## 開発エンジニアからPMOへ：失敗しないキャリアチェンジ

### プレイングマネージャーから始める
最初は「開発7：管理3」から入り、徐々に比重を移すのが安全です。

### 注意点：ドキュメント力と調整力
PMOの成果物はコードではありません。**資料作成力と合意形成力**が成果を左右します。

---

## まとめ：高単価はスキル×商流の掛け算
PMO・ITコンサルの高単価は、構造的に説明できる適正価格です。開発経験を活かし、上流と商流を意識すれば、月150万円は現実的な選択肢になります。

「自分はどの単価帯を狙えるのか」「今の商流は適切か」と感じたら、**FreelanceBox**で一度整理してみてください。","Market","PMO,ITコンサルタント,フリーランス単価,単価相場,商流,キャリアチェンジ,高年収,プロジェクト管理,案件探し,2026年版","Q:PMO未経験のエンジニアでも案件はありますか？|A:はい、あります。PLやサブリーダー経験があれば、PMO補佐として参画しOJTで経験を積むケースが一般的です。;Q:英語力は必須ですか？|A:必須ではありませんが、外資系やグローバル案件では単価アップに直結します。;Q:PMOは激務ですか？|A:状況次第ですが、常時激務ではありません。炎上対応時のみ一時的に負荷が高まることがあります。;Q:50代でもPMO案件はありますか？|A:多くあります。経験や調整力が評価され、50代が最も活躍しやすい職種の一つです。;Q:フルリモートのPMO案件はありますか？|A:あります。会議と資料作成中心のためリモート適性は高いですが、初期のみ出社を求められる場合があります。","/images/articles/008.png",published,2026-01-20 10:00:00
freelance-income-by-age-2026,"【2026年版】ITフリーランスの年齢別単価相場と生存戦略｜40代以降も稼ぐ条件","フリーランスエンジニアの年収推移を20代〜50代の年齢別に解説。単価が伸びる人と頭打ちになる人の違い、40代以降も稼ぐための現実的な生存戦略をSES市場データをもとに整理します。","![年齢別ITフリーランス単価相場2026](/images/articles/009.png)

## 【結論】フリーランスエンジニアの年収は「右肩上がり」とは限らない

会社員とは異なり、ITフリーランスの世界では年齢とともに自動的に年収が上がることはありません。単価を決めるのは、**スキル・経験・商流**の掛け合わせです。特に30代後半以降は、年齢に見合った付加価値を提供できているかが厳しく問われます。準備なく年齢を重ねると、40代で単価が下がるケースも珍しくありません。

---

## 【年代別】ITフリーランスの年収推移と市場価値のリアル

以下は、首都圏の準委任契約を想定した一般的な目安です。

### 20代：経験年数が全て。月単価60万円の壁を超えるには
- 単価相場：40万〜65万円
- 求められる役割：実装・テスト、自己走破性

20代では実務経験年数が最重要指標です。3年以上の実務経験があり、一人称で設計〜実装を完結できると月60万円が見えてきます。特定言語を深掘りし、任せられる領域を作ることが最優先です。

### 30代：最も稼げる黄金期。80万〜100万円への挑戦
- 単価相場：70万〜100万円超
- 求められる役割：基本設計、リーダー候補

体力・学習力・経験のバランスが取れた30代は最も市場価値が高い時期です。クラウドやモダン技術の経験があれば、年収1000万円超も現実的になります。

### 40代：技術かマネジメントか。二極化する分岐点
- 単価相場：60万〜120万円
- 求められる役割：PM、PL、アーキテクト

40代は単価が上がり続ける人と下がる人が明確に分かれます。PMや希少領域の専門家としての立ち位置を築けない場合、市場評価は厳しくなります。

### 50代：案件獲得の難易度と顧問・PMOという選択
- 単価相場：50万〜150万円（案件次第）
- 求められる役割：PMO、業務知識提供、組織支援

実装のみの案件は減少しますが、ドメイン知識やマネジメント力を活かせば高単価は可能です。

---

## 年収が頭打ちになる「3つの壁」と突破法

### 技術の壁：レガシー依存
モダン技術への実務シフトが不可欠です。

### 商流の壁：多重請け構造
エンド直請け案件に切り替えるだけで単価が上がるケースもあります。

### 役割の壁：実装止まり
設計提案やレビューなど、付加価値を可視化することが重要です。

---

## 実装のみで稼ぎ続ける限界は何歳か？

一般的には45歳前後が一つの目安です。50代で実装のみを続けるには、OSS実績や希少性の高い技術領域が必要になります。

---

## 将来の年収ダウンを防ぐために今すぐすべきこと

- 半年ごとの職務経歴書更新
- 商流の浅いエージェント選定
- キャリア相談できるパートナーを持つ

自分の市場価値を把握することが、次の一手を考える出発点です。

FreelanceBoxでは、エンド直請け・高単価案件を中心に、年齢とスキルに合った適正相場を客観的にお伝えしています。将来に不安を感じたら、一度プロの視点を取り入れてみてください。

---

## まとめ：現在地を知り、次の5年に備える

年齢の壁は戦略次第で越えられます。技術・商流・役割を見直し、今後5年を見据えたキャリア設計を行うことが、長く稼ぎ続ける最大のポイントです。","Market","フリーランス年収,単価相場,年齢の壁,40代エンジニア,50代エンジニア,キャリアパス,商流,SES","Q:40代でもフリーランスエンジニアになれますか？|A:可能ですが即戦力性が重視されます。PMや専門領域の経験があると有利です;Q:未経験からフリーランスで年収1000万は可能ですか？|A:未経験直後は難しく、3〜5年の実務経験が必要です;Q:50代になると案件紹介は減りますか？|A:実装案件は減少しますがPMOや顧問需要はあります;Q:インボイス制度は年収に影響しますか？|A:手取り減の可能性があるため単価交渉が重要です;Q:単価交渉のベストタイミングは？|A:契約更新の1〜2ヶ月前が最適です","/images/articles/009.png",published,2026-01-20 10:00:00
freelance-income-distribution-median-2026,"フリーランスエンジニア年収中央値と分布｜上位10％に入る条件【2026年最新】","フリーランスエンジニアの年収は平均では見えません。2026年最新データをもとに中央値・分布・年収1000万に必要な月単価や商流の違い、実質手取りまでをSES業界視点で解説します。","![フリーランス年収分布2026](/images/articles/010.png)

## 結論：フリーランスエンジニアの年収は「中央値」で見るべき

フリーランスエンジニアの年収を語る際、「平均年収800万〜900万円」という数字だけを見るのは危険です。実態を正しく把握するには、**中央値と分布構造**を見る必要があります。

2026年時点での結論は以下です。

- 年収中央値：**650万〜750万円**
- 年収1,000万円以上：**全体の上位10〜15％**
- 年収差の最大要因：**スキルよりも商流**

本記事では、SES・フリーランスエージェントの現場視点から、年収の実態と上位層に入るための現実的な条件を整理します。

---

## フリーランスエンジニアの年収分布と中央値【2026年実態版】

### 平均値と中央値の乖離

各種調査でよく見かける「平均年収800万〜900万円」は、一部の超高単価層（月単価150万円以上）が数値を押し上げた結果です。

実態を表す中央値で見ると、**650万〜750万円**がボリュームゾーンとなります。月単価換算では**55万〜65万円（税抜）**が中心です。

### 年収分布の構造

- 上位層（年収1,000万円以上）：約10〜15％
- 中位層（年収600〜900万円）：約50〜60％
- 下位層（年収600万円未満）：約25〜30％

フリーランスになったからといって自動的に年収が上がるわけではなく、戦略なしでは会社員時代と手取りが変わらないケースも少なくありません。

### 年代・経験年数別の目安

| 経験・役割 | 月単価目安 | 推定年収 |
|---|---|---|
| 経験2〜3年 | 50〜65万円 | 600〜780万円 |
| 経験5年以上 | 70〜85万円 | 840〜1,020万円 |
| PM/PL経験 | 80〜100万円 | 960〜1,200万円 |
| AI・Go等ハイスキル | 90〜120万円 | 1,080〜1,440万円 |

---

## 上位10％「年収1,000万円」の壁と突破条件

### 必要な月単価の計算

年収1,000万円を12ヶ月で割ると、**月単価84万円（税抜）**が最低ラインです。

さらにインボイス制度下では、消費税納税・社会保険料を考慮すると、会社員年収1,000万円相当の生活水準には**売上1,100万〜1,200万円**が現実的な目標となります。

### 高年収層に共通する3要素

1. **需要過多の技術スタック**（Go、TypeScript、Python、AI領域など）
2. **上流工程への関与**（設計・要件定義・技術選定）
3. **商流への強いこだわり**（エンド直・一次請け）

---

## 年収格差が生まれる最大要因は「商流」

同じスキル・同じ稼働でも、商流が違うだけで年収が200〜300万円変わることがあります。

### 多重下請けによる単価減衰の例

- エンド直：発注100万円 → エンジニア90万円\n- 3次請け：発注100万円 → 最終受取60万円

月30万円、年360万円の差は珍しくありません。**スキルアップよりも商流改善の方が即効性が高い**のが現実です。

---

## 単価を上げ、上位層に入るための具体策

### 1. 商流の浅いエージェントを選ぶ

「エンド直」「元請け直案件比率」を明示しているエージェントを選ぶことが重要です。

### 2. 作業者から提案者へ

単価70万円を超えるには、指示待ちではなく技術的な改善提案ができるかが分かれ目です。

---

## 注意点：単価だけで案件を選ばない

- 炎上案件による高単価
- 将来性のないレガシー保守

短期収入だけでなく、**市場価値が上がる経験かどうか**を必ず確認しましょう。

---

## まとめ

- 年収中央値：650〜750万円
- 年収1,000万円：月単価85万円以上が目安
- 年収差の正体はスキルより商流

もし今の単価に違和感があるなら、それは能力不足ではなく環境の問題かもしれません。

FreelanceBoxでは、エンド直・高商流案件を前提に、あなたの適正単価を無料で診断できます。まずは現在地を把握するところから始めてみてください。","Market","フリーランスエンジニア,年収中央値,単価相場,市場動向,年収1000万,商流,SES,インボイス制度,キャリアプラン,独立","Q:フリーランスエンジニアの年収中央値はいくらですか？|A:2026年現在では650万〜750万円が中央値で、月単価55万〜65万円がボリュームゾーンです。;Q:年収1000万円を超えるには月単価はいくら必要ですか？|A:税抜で月84万円以上が最低ラインで、実質手取りを考えると売上1,100万円以上が目安です。;Q:未経験からフリーランスになった場合の相場は？|A:実務経験1年未満では月30万〜40万円スタートが一般的です。;Q:インボイス制度で手取りは減りましたか？|A:課税事業者になると消費税納税が発生するため、実質手取りは減少傾向です。;Q:エージェントを使うと年収は下がりますか？|A:商流が浅い高単価案件に参画できれば、結果的に手取りが増えるケースも多いです。","/images/articles/010.png",published,2026-01-20 10:00:00
freelance-engineer-1-2-years-guide-2026,"実務1年・2年でフリーランスは無謀？失敗しない条件と単価相場【2026年版】","実務経験1年・2年のエンジニアがフリーランス独立を検討する際に知るべき市場の現実と準備条件を解説。単価相場、商流の影響、失敗を避ける案件選びまでSES視点で整理します。","![実務1〜2年フリーランスガイド2026](/images/articles/011.png)

## 結論：実務1年・2年でもフリーランスは可能。ただし条件付き

結論から言うと、**実務経験1年・2年でもフリーランスになること自体は可能**です。ただし、準備なしで独立すると、低単価・長時間労働・スキルが伸びない案件に入り込み、会社員時代より厳しい状況に陥るリスクがあります。

本記事では、SES・フリーランス業界の商流構造を踏まえ、経験が浅いエンジニアが**失敗しないための条件と判断基準**を整理します。

---

## 実務1年・2年のフリーランス市場価値と現実

### 案件数はあるが「選り好み」はできない

実務1〜2年向けの案件は存在しますが、即戦力層（実務3年以上）と比べると選択肢は限定的です。

- 実務3年以上：言語や環境を選びやすく、リモート案件も多い
- 実務2年：募集はあるが、出社前提の案件が中心
- 実務1年：テスト・保守運用が中心になるケースも多い

企業側は教育コストを懸念するため、好条件は出にくいのが現実です。

### 単価相場：1年と2年の「大きな壁」

| 経験年数 | 単価相場（月額） | 期待されるレベル |
|---|---|---|
| 実務1年 | 35万〜45万円 | 指示を受けて実装・テストができる |
| 実務2年 | 50万〜65万円 | 一人称で実装できる |
| 実務3年以上 | 65万〜80万円以上 | 設計から担当できる |

**実務1年と2年の差は10〜15万円以上**になることも珍しくありません。1年半程度なら、あと半年経験を積む判断も合理的です。

---

## 「失敗する」パターンの共通点

### 多重下請けの深みにハマる

経験が浅いと、商流が深い案件に入りやすくなります。中間マージンが多く、単価が低くなりがちです。

### テスター・雑用から抜け出せない

開発案件と聞いて参画したものの、テストエビデンス作成や議事録中心になるケースもあります。これを続けると、次も同種案件しか選べなくなります。

---

## 独立前に確認すべき準備リスト

### 技術スキル：一人称で実装できるか

- エラーを自力で調査・解決できる
- Gitの基本操作を理解している\n- フレームワークの構造を説明できる

### ソフトスキル：報連相の精度

- 遅延時に早めに相談できる
- 調査内容を整理して質問できる
- 勤怠連絡を徹底できる

### 金銭準備：最低3ヶ月分の生活費

入金まで最大2ヶ月空くこともあるため、貯蓄がない独立は危険です。

---

## 経験が浅くても良質な案件を取る方法

### スキルシートの書き方

- 業務外学習（GitHub、Qiitaなど）
- 指示待ちではない行動
- DockerやAWSなど周辺技術

### 商流の浅いエージェントを選ぶ

商流が浅いほど単価と裁量は上がります。若手でも50〜60万円台を狙えるケースがあります。

---

## 迷っているなら市場価値の確認から

実務1〜2年での独立は、戦略次第でキャリアを加速させます。不安がある場合は、**FreelanceBoxで市場価値を確認**してから判断するのがおすすめです。今は早くない、という結論になる場合も正直にお伝えします。","Career","フリーランス,実務経験1年,実務経験2年,SES,単価相場,若手エンジニア,キャリアパス,商流","Q:実務経験にはテスト工程のみの期間も含まれますか？|A:含まれますが、開発経験として評価されるのは実装期間です。テストのみで独立すると次もテスト案件になる可能性があります。;Q:ポートフォリオは必要ですか？|A:実務1〜2年ではほぼ必須です。GitHubで自作アプリを公開すると評価が上がります。;Q:言語による有利不利はありますか？|A:JavaやPHPは案件数が多く有利です。GoやRustは即戦力前提のため難易度が高めです。;Q:インボイス登録は必要ですか？|A:必須ではありませんが、登録した方が案件の選択肢は広がります。;Q:フルリモート案件は可能ですか？|A:初期はハイブリッド型が現実的です。","/images/articles/011.png",published,2026-01-20 10:00:00
employee-vs-freelance-comparison,"【2026年版】会社員vsフリーランス徹底比較｜手取り・年金・信用の損益分岐点","正社員年収600万円とフリーランス年収900万円はどちらが得？手取り額、社会保険、年金、住宅ローン、インボイス制度まで含めて、独立で損をする人と得をする人の分岐点を2026年最新視点で解説します。","![会社員vsフリーランス2026](/images/articles/012.png)

## 結論：年収差だけで判断すると失敗する

フリーランス＝年収アップというイメージは根強いですが、判断基準を「額面年収」に置くと失敗します。重要なのは、**可処分所得・保障・信用を含めた総合損益**です。

結論としては、会社員年収の**1.4〜1.5倍以上の安定した売上**を見込めるかどうかが、独立の分岐点になります。

---

## 【金銭面】「年収」ではなく「可処分所得」で比較する

### 会社員年収の1.4〜1.5倍が損益分岐点

年収600万円の会社員と同等以上の生活水準を維持するには、フリーランスで**年商840万〜900万円（月70〜75万円）**が一つの目安です。

| 項目 | 会社員（年収600万） | フリーランス（年商900万） |
| --- | --- | --- |
| 社会保険 | 会社と折半 | 全額自己負担 |
| 税金 | 給与天引き | 確定申告 |
| 消費税 | なし | 課税事業者は納付 |
| 有給 | あり | なし |
| ボーナス | あり | 単価に含む |

### 見落としがちな「会社負担分」の社会保険料

会社員は、健康保険・厚生年金の**半分を会社が負担**しています。独立すると、この隠れコストがすべて自己負担になります。

### 2026年最新：インボイス制度と消費税

インボイス制度の定着により、多くのフリーランスは課税事業者を選択しています。売上の一部は消費税として預かり金になるため、**実質手取りは想像より少なくなる**点に注意が必要です。

---

## 【保障・信用面】失うものと対策

### 住宅ローン・クレジットカード審査

一般的にフリーランスは**3期分の黒字決算**が必要です。住宅購入予定がある場合は、会社員のうちに審査を通すのが定石です。

### 厚生年金と国民年金の老後格差

会社員は厚生年金、フリーランスは国民年金のみです。差額は**月数万円規模**になるため、iDeCoや小規模企業共済での補填が前提となります。

### 傷病手当金・失業保険がないリスク

フリーランスは働けなくなった瞬間に収入が止まります。生活費6ヶ月分以上の現金確保が現実的なリスク対策です。

---

## 【キャリア面】市場価値の上がり方の違い

会社員は役職、フリーランスは**技術と商流**で単価が決まります。同じスキルでも商流が浅いだけで月20〜30万円変わることもあります。

---

## 独立を検討すべきタイミングチェックリスト

| 項目 | 判断基準 |
| --- | --- |
| 経験年数 | 実務3年以上 |
| 貯蓄 | 生活費6ヶ月分以上 |
| ライフイベント | 大きな審査予定なし |
| 市場評価 | 月70万円以上の提示あり |

---

## 失敗しないためのハイブリッド戦略

副業→独立、エージェント活用、法人化など、**一気に切り替えない戦略**が2026年の主流です。

途中で不安を感じたら、FreelanceBoxで市場単価や商流を確認することで、独立すべきかの判断材料を得られます。

---

## まとめ：正解は人ではなくフェーズで決まる

会社員とフリーランスに優劣はありません。今のライフステージで、どちらが合理的かを選ぶことが重要です。","WorkStyle","正社員,フリーランス,独立,生涯年収,社会保険,住宅ローン,手取り,インボイス制度,キャリア判断","Q:フリーランスになると住宅ローンは組めなくなりますか？|A:不可能ではありませんが、一般的に3期分の黒字決算が必要です。可能であれば会社員のうちに審査を通すのが安全です。;Q:フリーランスから正社員に戻ることはできますか？|A:可能です。エンジニアの場合、実務実績があれば不利になるケースは少なく、評価されることもあります。;Q:インボイス制度への登録は必須ですか？|A:必須ではありませんが、取引先の要件上、登録した方が案件選択肢は広がります。;Q:会社員年収600万円はフリーランス月単価いくら相当ですか？|A:おおよそ月70〜75万円が手取りや保障を含めた同等ラインの目安です。;Q:何歳までフリーランスとして働けますか？|A:定年はありませんが、40代以降は専門性やPMスキルが重要になります。","/images/articles/012.png",published,2026-01-20 10:00:00
ses-to-freelance-career-path,"「SESからフリーランス」が最強のキャリアパスである3つの理由と年収推移【2026年版】","SESからフリーランスへの転身は本当に得なのか。商流構造の違いによる年収差や、SES経験が市場でどう評価されるのかを2026年最新相場で解説。独立判断の基準と具体ステップもわかります。","![SESからフリーランス](/images/articles/013.png)

## 結論：SES経験はフリーランスへの特急券である

「SES（客先常駐）は底辺」「早く自社開発に行かないとキャリアが詰む」。こうした言説は今も根強くありますが、**2026年現在、最もスムーズに独立し年収を伸ばしているのはSES経験者**です。理由は明確で、SESという働き方自体がフリーランスの予行演習として機能しているからです。

本記事では、SES業界の構造を踏まえ、「なぜSESからフリーランスが合理的なのか」を数字と実務視点で解説します。

> 結論：スキルチェンジを伴う自社開発転職よりも、**商流を変えるだけのフリーランス独立**の方が、SESエンジニアにとってリスクリワードが高い選択です。

---

## 理由1：商流が1つ上がるだけで年収は劇的に変わる

最大の理由は、**技術力が同じでも立つ商流が変わるだけで手取りが増える**構造にあります。

### 「会社のマージン」と「商流のマージン」の二重苦からの解放

一般的なSES正社員（特に2次請け・3次請け）では、
- 上位会社の商流マージン
- 所属会社の運営費・利益

という二重の控除が発生します。一方、フリーランスでエンド直または元請け直の案件に入ると、この構造は大幅に簡素化されます。

### 【試算】月単価60万円のエンジニアが手にする金額の差

| 項目 | SES正社員 | フリーランス |
| --- | --- | --- |
| エンド発注額 | 80万円 | 80万円 |
| 商流マージン | ▲20万円 | ほぼなし |
| 現場単価 | 60万円 | 70〜75万円 |
| 手取り感 | 月25〜30万円 | 月70万円前後（税引前） |

結果として、**年収は1.5〜2倍になるケースも珍しくありません**。これが「商流を変える」ことのインパクトです。

---

## 理由2：SESの現場適応力はフリーランス市場でこそ評価される

フリーランス市場で重視されるのは、純粋な技術力だけではありません。

### 技術力以上に求められる「即戦力」の正体

SES経験者は以下の力を自然と身につけています。
- 初見のドキュメントを読み解く力
- 初対面のメンバーと協働するコミュニケーション力
- 現場ごとの開発ルールへの順応性

これらは**教育コストをかけられないフリーランス案件**で非常に重宝されます。自社開発出身者よりSES出身者が好まれるケースも少なくありません。

---

## 理由3：働き方の仕組み（準委任契約）がほぼ同じ

SESとフリーランスの契約形態は、どちらも準委任契約が基本です。

### 慣れ親しんだフローをそのまま使える

- スキルシート提出
- 面談による案件決定
- 月140〜180時間の精算
- 勤怠・請求処理

これらはSES時代とほぼ同じです。変わるのは**請求書を自分で出すかどうか**程度で、心理的ハードルは低めです。

---

## ただし誰でも成功するわけではない【注意点】

### ロースキル案件からの脱却が必要

テスター専任や監視業務のみの場合、独立しても単価は伸びません。設計・実装フェーズの経験を積むことが重要です。

### 経歴書の見せ方で単価は変わる

「Javaができます」ではなく、
- Spring BootでのAPI設計・実装
- AWS環境での構築・運用経験

など、**具体的な実績**を書くことで単価交渉が可能になります。

---

## SESからフリーランスへ移行する具体ステップ

1. 現在のスキル・工程を棚卸し
2. 経歴書をフリーランス向けに最適化
3. 複数エージェントに登録し相場確認
4. 退職交渉と同時に案件面談を開始

途中で不安があれば、**FreelanceBoxへの登録・相談**を活用すると、商流の良い案件や相場感を把握しやすくなります。

---

## まとめ：SES経験は搾取ではなく武器になる

SESで培った現場適応力と商習慣理解は、フリーランス市場で強力な武器です。**3年以上の実務経験があり、一人称で開発できるなら独立検討の価値は十分**あります。

まずは自分の市場価値を把握するところから始めてみてください。","Career","SES,フリーランス転向,年収相場,商流,キャリアパス,独立準備,準委任契約,2026年問題","Q:SESの経験年数はどれくらいあればフリーランスになれますか？|A:一般的には実務経験2年以上が目安です。3年以上あれば選択肢と単価交渉の幅が広がります。;Q:40代や50代のSESエンジニアでも独立できますか？|A:可能です。年齢より即戦力性や上流工程経験が評価されます。;Q:フリーランスになると年収はどれくらい上がりますか？|A:商流改善により年収200万円以上アップする例もあります。;Q:案件が途切れるリスクはありますか？|A:ありますが契約終了1か月前から動くことで回避可能です。;Q:インボイス制度や税金対応は大変ですか？|A:最初は不安でもエージェントや税理士サポートで対応できます。","/images/articles/013.png",published,2026-01-20 10:00:00
freelance-independence-guide-2026,"【2026年版】エンジニア独立準備完全ガイド｜退職から開業まで","エンジニアがフリーランスとして独立する際に必要な準備を時系列で完全解説。退職前にやるべき信用対策、保険・年金・税金の切り替え、開業届、案件探しまで失敗しない実務手順を網羅した2026年最新版ガイドです。","![エンジニア独立準備ガイド2026](/images/articles/014.png)

## 結論：独立準備で最優先すべきは「案件の目処」と「会社員の信用活用」

フリーランス独立で失敗する多くの原因は、**準備不足と順序ミス**です。手続きよりも先にやるべきことは、「自分がいくらで売れるか」を把握し、会社員のうちに使える信用を使い切ることです。

---

## 独立ロードマップの全体像（時系列）

| 時期 | 主なアクション | 具体内容 |
|---|---|---|
| 退職3ヶ月前〜 | 信用活用・市場調査 | クレカ作成、ローン審査、エージェント登録 |
| 退職2ヶ月前〜 | 退職交渉・案件探し | 退職意思表示、面談開始、内定確保 |
| 退職月 | 引き継ぎ・準備 | 有給消化、社保喪失証明書の確認 |
| 退職翌日〜 | 公的手続き・開業 | 年金・保険切替、開業届提出 |

---

## Step1：会社員のうちに完了すべき「信用」の準備

フリーランスになると、収入が高くても**社会的信用は一時的に低下**します。以下は必ず在職中に済ませてください。

- クレジットカード（事業用・私用）
- 住宅ローン・車のローン
- 賃貸契約・引越し

特に引越し予定がある場合、在職中に審査を終えるのが鉄則です。

---

## Step2：退職手続きと空白期間を作らない案件探し

最大のリスクは**収入が途切れる空白期間**です。退職と案件探しは必ず並行して進めます。

- 案件探し開始は退職2ヶ月前が目安
- 契約満了タイミングでの退場が理想
- 商流（直請け・1次請け）を必ず確認

ここで単価と商流を見誤ると、独立後に年収が下がるケースもあります。

※この段階で一度、**FreelanceBoxに登録して市場単価を把握**しておくと、退職判断が格段に楽になります。

---

## Step3：公的手続き（年金・保険・税金）

### 年金
- 厚生年金 → 国民年金
- 退職翌日から14日以内に市区町村で手続き

### 健康保険

- 国民健康保険
- 任意継続（最大2年）
- 国民健康保険組合（条件あり）

家族構成と前年所得で必ずシミュレーションしてください。

### 税務手続き

- 開業届：事業開始から1ヶ月以内
- 青色申告承認申請書：開業から2ヶ月以内（最重要）

---

## Step4：開業・事業開始の環境整備

- 事業専用の銀行口座を用意
- クラウド会計ソフトを初月から導入
- 職務経歴書・ポートフォリオを更新

経理を後回しにすると、確定申告時に大きな負担になります。

---

## フリーランス独立直後に多い失敗パターン

1. 税金分の資金を使い込む
2. 深い商流の低単価案件を受ける
3. 学習・スキル投資を止めてしまう

売上の30〜40％は税金用に確保しておくのが安全です。

---

## まとめ：準備8割で独立の成否は決まる

独立は手続きではなく**事業のスタート**です。会社員時代にしかできない準備をやり切ることで、独立後の選択肢と収入は大きく変わります。

「今のスキルで独立できるか不安」「適正単価を知りたい」という方は、**FreelanceBoxで一度プロに相談**してみてください。案件選びから契約、独立後の動き方まで一気に整理できます。","Career","フリーランス独立,開業届,青色申告,エンジニアキャリア,案件探し,商流,SES,国民健康保険,退職手続き,節税","Q:開業届を出すと会社にバレますか？|A:開業届の提出だけで会社に通知されることはありません。ただし副業中の場合は住民税の扱いに注意が必要です。;Q:失業保険をもらってから独立できますか？|A:可能ですが開業届を出すと給付は終了します。条件を満たせば再就職手当を受け取れる場合があります。;Q:健康保険は国保と任意継続どちらが得ですか？|A:前年所得と家族構成で異なるため事前シミュレーションが必須です。;Q:青色申告は難しいですか？|A:クラウド会計ソフトを使えば初心者でも対応可能で節税効果は非常に高いです。;Q:独立後最初の案件はどう探すべきですか？|A:契約トラブルを避けるためにも最初はフリーランス専門エージェントの利用が安全です。","/images/articles/014.png",published,2026-01-20 10:00:00
freelance-career-risks,"【2026年版】フリーランスエンジニアの末路は悲惨？再就職できない人の共通点と回避策","フリーランスの末路は本当に悲惨なのか。40代・50代の年齢の壁、再就職が難しくなる要因、市場価値を維持する具体策をSES・エージェント視点で解説します。","![フリーランスの末路と対策2026](/images/articles/015.png)

## 結論：フリーランスの末路は「準備不足な一部のケース」だけが悲惨になる

結論から言えば、フリーランスエンジニアの末路が必ず悲惨になるわけではありません。ただし、**市場価値の棚卸しをせずに無計画で続けた場合**、再就職や案件継続が難しくなるリスクは確実に存在します。

重要なのは、定期的に「自分は今、市場でどう評価されるのか」を把握し、次の一手を準備しておくことです。

---

## なぜ「フリーランスの末路」が検索されるのか？3つの構造的リスク

### スキルの陳腐化と「塩漬け案件」の罠
フリーランスは即戦力として参画するため、今できる技術だけを使い続けがちです。特にレガシー環境の運用保守に長期間いると、契約終了時に市場で通用するスキルが残らない状態に陥ります。

### 年齢による単価の頭打ちと案件選定の狭まり
40代以降は、単なる実装力だけでは評価されにくくなります。上流工程、マネジメント、専門特化のいずれかがない場合、案件数と単価は確実に下がります。

### 社会的信用とセーフティネットの欠如
病気や怪我で稼働できなくなると収入は即ゼロになります。住宅ローンや賃貸審査が厳しくなる点も、長期的には無視できません。

---

## 再就職が難しくなるエンジニアの典型的な特徴

### 下流工程のみを長年続けている
テストや運用保守が悪いわけではありませんが、設計・構築経験が更新されていないと評価は厳しくなります。

### 作業者マインドが抜けない
指示待ち姿勢では、正社員としての採用価値は低く見られます。課題発見や改善提案ができるかが重要です。

### マネジメント・育成経験がない
30代後半以降は、チームを率いた経験が強く求められます。コードだけを書き続けたい場合でも、代替不可能な技術力が必要です。

### 多重下請けの実績しかない
商流が深い案件のみだと、全体把握力や顧客折衝力が疑問視されます。直請けやプライム案件の経験は評価されやすい要素です。

### コミュニケーションに難がある
アジャイル開発が主流の現在、協調性や説明力は必須スキルです。

---

## 【年代別】フリーランスが意識すべきキャリア分岐点

### 20代〜30代前半
単価よりも経験重視。モダン言語やクラウドの実務経験を優先します。

### 30代後半〜40代
PM・PL経験を積むか、専門分野に特化するかの選択が重要です。

### 50代以降
ドメイン知識、人脈、顧問・アドバイザー契約など、価値提供の形を変えていきます。

---

## 悲惨な末路を回避するための市場価値向上策

最大のリスクヘッジは貯金ではなく、市場価値の維持です。エージェントを案件探しだけでなくキャリア相談に使い、次に積むべき経験を常に明確にしましょう。

フリーランスとしての将来に少しでも不安があるなら、**FreelanceBox**で現在の単価相場やキャリアの選択肢を確認しておくことが、確実な備えになります。

---

## まとめ：主体的な選択が「良い末路」を作る

フリーランスの末路を分けるのは、運ではなく準備です。市場の変化に合わせて動き続ける限り、フリーランスは長期的にも成立する働き方です。","Career","フリーランス,エンジニア,再就職,キャリアプラン,年齢の壁,市場価値,SES,正社員登用,リスク管理","Q:フリーランスエンジニアは何歳まで続けられますか？|A:定年はありませんが50代以降は案件数が減少傾向です。ただし希少スキルやPM経験があれば60代でも稼働可能です。;Q:フリーランスから正社員に戻ると年収は下がりますか？|A:額面年収は下がることが多いですが福利厚生や社会保険を含めた実質手取りでは必ずしも不利とは限りません。;Q:フリーランス期間は職歴として評価されますか？|A:評価されます。ただし作業内容ではなく成果や役割を説明できることが重要です。;Q:未経験からフリーランスになると末路は悲惨ですか？|A:実務未経験での独立は高リスクです。まずは正社員で経験を積むことが推奨されます。;Q:ブランクがあると再就職に不利ですか？|A:説明できない空白期間は不利ですが自己研鑽や成果があれば評価を下げずに済みます。","/images/articles/015.png",published,2026-01-20 10:00:00
freelance-timing-guide-2026,"副業から？いきなり独立？エンジニアが失敗しないタイミングと判断基準【2026年版】","エンジニア独立は副業からか、いきなりフリーランスか。実務経験年数、貯金額、市場動向をもとに2026年時点で失敗しない判断基準をSES視点で解説します。","![副業vs独立2026](/images/articles/016.png)

## 結論：迷うなら基準で決めるべき

エンジニアの独立相談で最も多いのが「副業から始めるべきか」「いきなり独立しても大丈夫か」というタイミングの悩みです。2026年現在、副業解禁が進み選択肢は広がっていますが、市場が求めているのは即戦力です。

結論として、**実務経験と貯金が十分にあるなら、いきなり独立が最短ルート**です。一方で、**スキルや資金に不安がある場合は副業スタートが安全策**となります。

まずは「自分はいくらで評価されるのか」を知ることが第一歩です。FreelanceBoxでは適正単価の無料相談を受け付けています。

---

## いきなり独立 vs 副業スタート：徹底比較

| 項目 | いきなり独立 | 副業スタート |
| --- | --- | --- |
| 収入の上限 | 高い | 限定的 |
| 案件数 | 非常に多い | 少ない |
| リスク | 高め | 低い |
| 社会的信用 | 低下しやすい | 維持できる |
| 単価 | 高単価が狙える | 時間単価は低め |

### エージェント視点での違い
SESエージェントの案件の大半は週5日稼働が前提です。副業向けの週2〜3日案件は数が少なく競争率が高いため、**案件選択肢と単価の面では専業が圧倒的に有利**です。

---

## 「いきなり独立」しても失敗しない人の条件

### 実務経験年数の目安
- 一般的な業務系言語（Java, PHPなど）：3年以上
- モダン領域（Go, TypeScript, AWS）：2年以上

### 運転資金の目安
案件獲得までのリードタイムと支払いサイトを考慮すると、**最低でも生活費3〜4ヶ月分**の貯金が必要です。

### 商流と契約理解
準委任契約や商流構造を理解し、できるだけ浅い商流の案件を選べるかが重要です。

---

## 「副業からスタート」すべき人の条件

### スキル転換期の人
未経験領域への挑戦は、副業で実績を作ってから独立する方が安全です。

### ライフイベントを控えている人
住宅ローンや家族事情がある場合、会社員の信用を維持しながら副業で準備するのが現実的です。

### 独立への心理的不安が大きい人
副業でフリーランスの働き方を体験することで、独立後のギャップを減らせます。

---

## 独立を決断するための5つのセルフチェック

1. 主力スキルで設計〜実装まで対応できる
2. 半年以上の生活費を確保している
3. エージェントや紹介ルートがある
4. 家族や環境の理解がある
5. 再就職という出口も現実的

3つ以上当てはまれば、独立検討フェーズです。

---

## 失敗しない独立ロードマップ

1. エージェント登録で市場価値を把握
2. 職務経歴書・スキルシートの棚卸し
3. 案件内定後に退職を決断

FreelanceBoxでは非公開案件も含めて相談可能です。

---

## まとめ

副業か独立かで迷う時間はもったいないですが、焦る必要もありません。重要なのは、**現時点の市場価値を把握し、条件が整ったタイミングで動くこと**です。

まずはFreelanceBoxで無料相談を行い、自分に合ったルートを確認してみてください。","Career","フリーランス独立,副業,タイミング,リスク管理,年収アップ,エージェント活用,実務経験,独立準備","Q:実務経験1年でも独立できますか？|A:不可能ではありませんが案件の選択肢は限られます。まずは副業や転職で経験を積む方が安全です。;Q:副業は会社にバレませんか？|A:住民税の普通徴収でリスクは下げられますが100%ではありません。就業規則の確認が必須です。;Q:いきなり独立して無職になる確率は？|A:経験3年以上で複数エージェントを使えば低いですがゼロではありません。資金準備が重要です。;Q:副業と専業で案件単価は違いますか？|A:一般的に専業の方が高単価案件が多く選択肢も広がります。;Q:正社員に戻る場合どちらが有利ですか？|A:副業経由の方が経歴説明はしやすいですが、専業でもスキルがあれば大きな不利にはなりません。","/images/articles/016.png",published,2026-01-20 10:00:00
