技術スキル,その他特徴,金額,要約
"Linux, RHEL, 仮想基盤, OS設定, ミドルウェア設定, Oracle DB, Apache, Tomcat, Java, Spring MVC, TERASOLUNA, Struts","期間: 2026年1月～7月末, 場所: 西葛西(常駐), 精算: 140-180, 募集人数: 1名, サイト: 45日, 就業時間: 9:30～18:00, 面談: 2回(web・対面未定), 商流制限: 貴社所属まで, 年齢制限: 55歳まで, 個人事業主制限: なし, 外国籍制限: 不可, 備考: 自発的なコミュニケーション・自走できる方(指示待ち不可), 要件抽出・解決能力, 健康面不安なし, 若手枠, 詳細設計経験尚可",50万円前後,"株式市場の不正行為情報共有システムにおける基盤更改案件。新旧仮想基盤の差分整理、システム構成確定、および既存ソースのマイグレーション（RHEL, Oracle DB, Apache, Tomcat, Java等のバージョンアップ）を担当。Linux構築経験（設計経験尚可）、仮想基盤上のOS・ミドルウェア設定経験が必須。自走してコミュニケーションが取れる方を求む。2026年1月～7月末、西葛西常駐、単価50万円前後。55歳まで、外国籍不可。"
"Red Hat Enterprise Linux, Windows Server, VMware vCenter Server Appliance, BIND, chrony, PRIMECLUSTER HA Server, Veeam Backup & Replication, VMware Multi-Pathing plug-in for ETERNUS, Veeam Backup & Replication（エージェント）, PostgreSQL, Red Hat Ansible Automation Platform, ETERNUS SF Storage Cruiser, Infrastructure Manager Advanced Edition, 運用設計（監視・ジョブ設計）, 仮想ストレージ, メインフレーム移行",官公庁向けシステム基盤モダナイゼーション支援（運用設計／仮想化基盤）プロジェクト。運用設計および仮想化基盤領域の設計・構築支援。作業期間は2026年1月～長期、作業場所は東中野（常駐）。募集人数は運用設計1名、基盤構築2名。面談1回（対面、面談設定済み）。精算は140h～190h、勤務時間9:00～17:50。外国籍不可。長期参画歓迎。交代要員枠。年齢は～50歳目安。,～65万円目安,"ヘルスベイシスからの官公庁向けシステム基盤モダナイゼーション支援案件（サーバー運用設計・構築、仮想化基盤）。運用設計1名、基盤構築2名募集。必須スキルにLinux, Windows Server, VMware製品など。長期参画、外国籍不可、～50歳目安。単価は～65万円目安。"
"ネットワーク, FW, L3, L2, AP, 無線LAN, Windows, Linux, 仮想基盤","期間: 11月～2026年02月(中長期), 作業場所: 飯田橋(またはリモート週2～3回), 募集人数: 1名, 商流制限: 貴社まで, 外国籍不可, 個人事業主不可, 年齢制限: 45歳まで, 月数回の客先対応(虎ノ門)・地方出張の可能性あり, 面談1～2回(Web)",～65万,官公庁向けネットワーク更改案件における詳細設計～構築要員募集。FW/L3/L2/AP等の設計構築および現地対応。飯田橋または週2～3回リモート。月額～65万円。45歳までのネットワーク経験者。
"ネットワーク設計構築, 無線LAN, FW, L3, L2, AP, Windows, Linux, 仮想基盤","期間: 2023年11月～2026年02月（中長期）, 作業場所: 飯田橋 (週2～3回リモート可), 募集人数: 1名, 面談: 1～2回 (Web), 備考: 月数回の客先対応（虎ノ門）および地方出張の可能性あり, 商流制限: 貴社まで, 外国籍不可, 個人事業主不可, 年齢上限: 45歳",～65万,"官公庁向けネットワーク更改案件における詳細設計～構築要員の募集。FW, L3, L2, AP等の設計構築および現地対応。Windows, Linux, 仮想基盤経験尚可。飯田橋勤務で週2～3回リモート可。長期案件（2026年2月まで）。"
"SecureDesktop, AD, Citrix VDI, マスターイメージ作成, チューニング経験, 仮想アプリ/デスクトップ環境調整, 基本設計","VDI刷新, Entra ID移行, オンプレAD/Entra ID移行設計・構築, Citrix→SecureDesktop移行支援, SSO構成設計・設定, ドキュメント作成, エンド直案件, 稼働時間10:00-18:30, 面談2回",75万,VDI刷新およびEntra ID移行プロジェクトにおけるSecureDesktop環境の基本設計・構築支援案件。SecureDesktop/ADの基本設計経験3年以上、マスターイメージ作成およびチューニング経験者を募集。単価は75万円。
"Linux, 仮想基盤上のOS/ミドルウェア設定, 上流経験, Java, Oracle","案件名: コンプライアンスWAN更改に伴う仮想基盤マイグレーション対応。現行基盤から新仮想基盤への移行（OS: RHEL 5.9→8/9, DB: Oracle 11gR2→19c/21c, APサーバ: IBM HTTP Server 8.5→Apache 2.4.x, Webアプリサーバ: WebSphere ND 8.5→Tomcat 9.x, フレームワーク: FINALUNA+Struts 1.1→TERASOLUNA for Java 5.x+Spring MVC, Java: IBM Java 1.7→OpenJDK 17）。勤務地: 東京都・西葛西（テレワーク併用）。期間: 2026年1月～長期。募集人数: SE 1名。PC貸与あり。外国籍不可。面談: WEB面談1～2回。","スキル見合い (上限75万円/月), 精算幅: 140h～180h/月","株式会社凌芸舎からの案件配信。コンプライアンスWAN更改に伴う仮想基盤マイグレーション案件にて、Linux/OS・ミドルウェア設定/上流経験を持つエンジニアを募集。Java, Oracle経験尚可。勤務地は東京都・西葛西（リモート併用）で、2026年1月からの長期案件。単価上限は75万円。"
"Linux, 仮想基盤OS/ミドルウェア設定, Java, Oracle","コンプライアンスWAN更改, 仮想基盤マイグレーション, 上流工程経験, 証券業務知識, 西葛西(テレワーク併用), 長期案件(2026年1月～), PC貸与, 外国籍不可","~75万円/月 (スキル見合い), 精算幅140h-180h",コンプライアンスWAN更改に伴う仮想基盤マイグレーション案件。現行・新共通基盤の差分要件定義、システム構成確定、ミドルウェア/フレームワーク変更を伴う既存ソース利用のマイグレーション、OS/ミドルウェア設定、データ移行を担当。Linux、Java、Oracleスキルが求められる。
"Linux, RHEL, Oracle DB, Apache, Tomcat, Java (OpenJDK), Spring MVC, TERASOLUNA, 仮想基盤","場所: 西葛西(常駐), 期間: 2026年1月～7月末, 精算: 140-180, 募集人数: 1名, 面談: 2回, 年齢制限: 55歳まで, 外国籍不可, 自走できる方",50万円前後,"コンプライアンスWAN更改に伴う仮想基盤上のOS・ミドルウェア設定、データ移行、およびRHEL, Oracle DB, Apache, Tomcat, Java等のマイグレーション案件。Linux構築経験者を募集。"
"OpenStack, 仮想化環境, Linux, TCP/IP, TeraTerm, Wireshark","勤務地: YRP野比駅 (常駐), 期間: 12月～2026年10月, 年齢: ～50代, 国籍: 外国籍不可, 商流: 御社まで, 面談: 2回 (1回目弊社同席), 定時: 9:30-18:30",MAX75万 (140-180h),通信キャリアシステムの仮想化関連業務。OpenStackベースの仮想化基盤(VNFM)更改に伴う、仮想化機能検証、VM生成・削除等の仮想化基盤操作、ベンダ間調整、試験管理。設計書レビュー、環境構築、ドキュメント修正も担当。OpenStack経験者優遇。
"VDI, Windows Server, Windows Client, PowerShell, バッチスクリプト, 仮想化基盤, Active Directory, 構成管理, 資産管理","国籍・年齢不問, 即日～長期, 2名募集, 神谷町勤務, 大規模クライアント基盤の運用・保守/更改, 休日・夜間作業あり",75万 (スキル見合い),EBAテック株式会社からの注力案件。大規模ユーザー環境のクライアント基盤（VDI/Windows）の運用・保守・更改を担うエンジニア2名を募集。神谷町勤務、即日～長期。Windowsサーバ、仮想デスクトップ、PowerShell等の経験が必須。単価はスキル見合いで75万円。国籍・年齢不問。
"PHP (3年以上, Laravel/Symfony/CakePHP/FuelPHPいずれか), LAMP環境, Git, Linux, AWS (サーバ構築経験), PHPバージョン移行経験 (5系→8系), 仮想ローカル環境構築経験。尚可: BtoC向けWebアプリ開発, EC/ガチャ/Lottery関連サービス経験, AWSインフラ作業 (EC2→ECS, Apache→Nginx)。","ファンサービスEC／ガチャシステム開発, 急募, 即日～長期, 渋谷勤務 (週2出社+週3リモート), 基本設計～リリース工程, 体制11名参画中, 面談1回(対面), 商流制限:貴社社員まで, 国籍:日本国籍のみ, 年齢:40代前半まで, 契約形態:準委任契約(フリーランス可), 支払いサイト:40日。",62万円前後（スキル見合い）,PHPを用いたファンサービスEC／ガチャシステムの開発・保守案件。既存システムのPHPバージョンアップ（5系→8系）対応を中心に、エンハンス開発・保守を担当。渋谷勤務（週3リモート可）、即日～長期。単価62万円前後。商流は貴社社員まで、日本国籍、40代前半までを想定。
"PHP(3年以上, LAMP環境, Laravel/Symfony/CakePHP/FuelPHP), Git, Linuxコマンド, PHPバージョン移行(5系→8系), AWS環境でのサーバ構築経験, 仮想ローカル環境構築。尚可: BtoC向けWebアプリケーション開発, EC/くじ/ガチャ/Lottery関連サービス経験, AWSインフラ寄り作業(EC2→ECS化, Apache→Nginx変更)","急募, ファンサービスEC/ガチャ開発, 長期, 渋谷駅(週2出社+週3リモートのハイブリッド勤務), 募集1名, 精算幅140h-180h, 商流貴社社員まで, 日本国籍, 40代前半までを想定, 準委任契約(フリーランス可), 支払いサイト40日, 弊社メンバー11名参画中のチーム体制, 面談1回(顔合わせ対面)",62万円前後（スキル見合い）,アーティストのファンクラブサービス向けに、オンラインガチャシステムおよびECサイトのエンハンス開発・保守を担当するPHP案件。PHPバージョンアップ(5系→8系)を中心に、複雑な仕様改修や新機能開発に携わる。即日～長期を想定しており、渋谷でのハイブリッド勤務。PHP3年以上の経験と主要フレームワーク、AWS経験が必須。単価は62万円前後。
"AWS, Linux, UNIX, Windows, 仮想化基盤",インフラ運用経験者の募集。要件変更あり、動きが早い案件。12月～または即or1月～長期。勝どき勤務（慣れるまで常駐、その後週2程度リモート可）。手順書等のドキュメント作成経験、サービスサポート経験（メール、電話対応）必須。オープン系システム基盤の運用保守経験4年以上。短期案件(1年以下)が少ない方を希望。1名募集。外国籍不可。年齢30-45歳以下。面談2回。貴社1社下まで（所属会社名開示あり）。一斉配信、WEB掲載はご遠慮ください。,55万前後,ミギテックの佐藤氏より、AWS/Linux構築・運用要員の募集依頼。即または1月～長期案件で、場所は勝どき（週2回程度のリモートワーク併用可）。AWS、Linux、Windowsなどのオープン系システム基盤運用保守経験4年以上と、ドキュメント作成・サービスサポート経験が必須。単価は55万円前後でスキル見合い。年齢30-45歳以下、外国籍不可、短期案件経験の少ない方を求めている。
"AWS, Linux, UNIX, Windows, 仮想化基盤","運用保守経験4年以上, サービスサポート経験, ドキュメント作成スキル, 短期案件経験少なめ, リモート併用 (週2程度), 外国籍不可, 貴社1社下まで (所属会社名開示あり), 年齢30-45歳以下",55万前後(スキル見合い),AWS、Linux構築、運用要員として、AWS/Linux/UNIX/Windows等のオープン系システム基盤運用保守経験4年以上、ドキュメント作成スキルを持つインフラエンジニアを募集。勝どきでの常駐とリモート併用。単価は55万円前後。年齢制限あり。
"Linux (RHEL), 仮想基盤 (OS/ミドルウェア設定), Oracle DB, Apache, Tomcat, Java (OpenJDK), Spring MVC, TERASOLUNA, Struts, FINALUNA","西葛西常駐, 2026年1月～7月末, 精算140-180, 募集1名, サイト45日, 面談2回, 商流(元請け→上位→GFD), 55歳まで, 自社所属まで, 外国籍不可, 自走・コミュニケーション能力重視, 若手枠",50万円前後,GFD社からの「コンプライアンスWAN更改」案件募集。株式市場の不正情報共有システム基盤の更改に伴い、仮想基盤上のOS・ミドルウェア設定、データ移行、およびRHEL/Oracle/Apache/Tomcat/Java等のマイグレーションを実施。Linux構築・仮想基盤設定経験と自走・コミュニケーション能力を持つ55歳までのエンジニア1名を希望。単価は50万円前後。
"ネットワーク設計構築, FW, L3, L2, AP, 無線LAN, Windows, Linux, 仮想基盤","官公庁案件, 中長期(~2026年2月), 飯田橋・週2～3リモート, 月数回地方出張・虎ノ門での客先対応可能性あり, 商流制限(貴社まで), 外国籍不可, 個人事業主不可, 45歳まで",~65万,"行政機関向けネットワーク更改案件における設計構築要員を募集。ネットワーク設計構築経験必須（FW, L3, L2, AP, 無線LAN, Windows, Linux, 仮想基盤）。飯田橋もしくは週2～3リモート。月数回の地方出張あり。単価～65万円。45歳まで。"
"ネットワーク(L2～L4), AWS, Azure, 無線APキッティング, LDAP, ActiveDirectory, SAML, クライアント証明書, ストレージ, 仮想化(Hyper-V, Vmware, KVM), Windows, Linux, PM/PL","作業場所: 大手町/大崎/在宅勤務(一部出社), 期間: 2月～3月(延長あり), 人数: 1名, 面談: 2回(Web), 商流: 貴社正社員/契約社員, 国籍: 日本, 弊社と派遣契約",スキル見合い,NTTグループ向けネットワーク関連サービスプロジェクト支援。無線APキッティング、ヘルプデスク、見積、設計構築、ドキュメント作成・管理、営業・PM支援など。
"AWS, Linux, UNIX, Windows, 仮想化基盤運用保守, サービスサポート, ドキュメント作成",場所:勝どき（慣れるまで常駐、その後週2程度リモート）、期間:即or1月～長期、人数:1名、外国籍不可、年齢:30-45歳以下、面談2回、貴社1社下まで（所属会社名開示あり）、トラブル対応時に直接連絡可能性あり、一斉配信・WEB掲載不可,55万前後(スキル見合い),AWS、Linux等のオープン系システム基盤の運用保守経験者（4年以上）を募集。手順書などのドキュメント作成スキル、サービスサポート経験も必須。勝どき勤務（リモート併用）の長期案件で、単価は55万円前後。
"AWS, UNIX, Linux, Windows, 仮想化基盤関連","リーダー候補, システム復旧プラン(DRP)整備経験, 運用改善経験, ドキュメント作成スキル, 短期案件少なめの方, 勝どき勤務（リモート併用）, 長期案件, 外国籍不可, 商流貴社1社下まで, 年齢30-50歳以下, 一斉配信・WEB掲載NG",60万前後(スキル見合い),"システム復旧や運用改善の経験を持つインフラ運用要員（リーダー候補）の募集です。AWS, UNIX, Linux, Windows等のオープン系システム基盤運用保守経験5年以上が必須。勝どきでの常駐（週2程度リモート併用）で、期間は12月～長期。単価は60万円前後（スキル見合い）です。"
"AWS, 仮想化基盤, UNIX, Linux, Windows","リーダー候補, システム復旧プラン(DRP)整備経験, 運用改善経験, ドキュメント作成スキル, 短期案件経験が少ない方優遇, 場所:勝どき（常駐後週2リモート可）, 期間:12月～長期, 人数:1名, 外国籍:不可, 商流:貴社1社下まで（所属会社名開示あり）, 年齢:30-50歳以下, 勤務時間:9時～18時, 一斉配信・WEB掲載不可",60万前後,システム運用要員（リーダー候補）の募集。AWS、仮想化基盤、UNIX、Linux、Windows等のオープン系システム基盤の運用保守経験5年以上が必須。システム復旧や運用改善の経験も重視。勝どきでの常駐（その後週2リモート併用）で12月～長期案件。単価はスキル見合いで60万前後。
"Windows Server運用, Windows Server 2016, Windows 10, 仮想化技術 (vSphere, XenDesktop), RDS","勤務地: 吉祥寺, 期間: 長期 (2026年1月5日～), 勤務形態: 週2,3回シフト制 (朝晩・遅番、休日深夜帯の可能性あり), テレワークなし, 日本国籍必須, ポジティブ・能動的な対応力",スキル見合い,某官公庁システムの端末運用保守管理業務において、Windows Server 2016/10、vSphere、Virtual Apps and Desktops (XenDesktop)、RDS等のスキルを持つ運用エンジニアを募集しています。吉祥寺での常駐勤務、シフト制、単価はスキル見合いです。
"Linux, RHEL, Oracle DB, Apache, Tomcat, WebSphere, Java, OpenJDK, Spring MVC, TERASOLUNA, Struts, 仮想基盤, ミドルウェア設定","期間: 2026年1月～7月末まで, 場所: 西葛西(常駐), 精算: 140-180, 募集人数: 1名, サイト: 45日, 就業時間: 9:30～18:00, 面談: 2回(Web・対面未定), 商流制限: 貴社所属まで, 年齢制限: 55歳まで, 外国籍制限: 不可, 求める人物像: 自走してコミュニケーションが取れる方、適宜打合せを実施し要件要望を抽出し解決できる方、健康面で不安のない方",50万円前後,GFD社からの案件紹介。コンプライアンスWAN更改プロジェクトにおけるインフラエンジニアの募集。仮想基盤上のOS・ミドルウェア設定、データ移行、およびRHEL、Oracle DB、Apache、Tomcat、Java等の既存システムマイグレーションが主な業務。Linux構築経験と自走できるコミュニケーション能力が必須。西葛西常駐、2026年1月～7月末までの案件。
"Linux, RHEL, Oracle DB, Apache, Tomcat, Java, Spring MVC, OS/ミドルウェア設定, 仮想基盤","案件名:コンプライアンスWAN更改。業務内容:OS・ミドルウェア設定、データ移行、基盤更改（RHEL, Oracle, Apache, Tomcat, Java等のバージョンアップ）。場所:西葛西常駐。期間:2026年1月～7月末。精算:140-180。募集1名。面談2回。商流制限(貴社所属まで)、年齢制限55歳まで、外国籍不可。自走できコミュニケーション能力の高い方。",50万円前後,GFD社からのインフラ案件募集。株式市場での不正行為情報共有システムの基盤更改プロジェクトで、RHEL/Oracle/Apache/Tomcat/Java等のOS・ミドルウェア設定およびデータ移行を担当。Linux構築経験、仮想基盤OS/ミドルウェア設定経験が必須。西葛西常駐、2026年1月～7月末までの単価50万円前後の案件。自走できる方を希望。
"SecureDesktop (Soliton), AD, Citrix VDI, 基本設計, マスターイメージ作成/チューニング経験, 仮想アプリ/デスクトップ調整経験","案件名: VDI刷新およびEntra ID移行プロジェクト, 概要: グループ合併に伴うCitrixからSecureDesktopへのVDI刷新・Entra ID移行, 内容: オンプレAD現状把握・Entra ID移行設計/構築, ドメイン変更対応, CitrixからSecureDesktop設計/構築支援, SSO構成設計/設定, ドキュメント作成, 勤務時間: 10:00-18:30, 面談: 2回, エンド直案件",75万,EBAテックより、VDI刷新およびEntra ID移行プロジェクトの案件情報。SecureDesktop/ADの基本設計経験、マスターイメージ作成・チューニング経験を持つエンジニアを募集。単価75万円、面談2回、エンド直案件です。
"Red Hat Enterprise Linux, Windows server, VMware vCenter Server Appliance, BIND, chrony, PRIMECLUSTER HA Server, Veeam Backup & Replication, VMware Multi-Pathing plug-in for ETERNUS, PostgreSQL, Red Hat Ansible Automation Platform, ETERNUS SF Storege Cruiser, Infrastructure Manager Advanced Edition, 運用設計(監視・ジョブ等), 仮想ストレージ設計, メインフレームからの移行案件経験",官公庁データ管理システムのモダナイゼーション、メインフレームからオープン基盤へのリプレース、運用設計＋仮想化基盤、東中野勤務、複数名募集、面談設定済み（11日19:00~）、外国籍不可、エンド直案件,65~70万※スキルによって上振れあり,官公庁のメインフレーム基盤データ管理システムをオープン基盤へリプレースする案件。運用設計および仮想化基盤を担当できるインフラエンジニアを複数名募集。東中野勤務で2026年1月開始。特定の製品スキルと運用設計・移行経験が求められる。
"Red Hat Enterprise Linux, Windows Server, VMware vCenter Server Appliance, BIND, chrony, PRIMECLUSTER HA Server, Veeam Backup & Replication, VMware Multi-Pathing plug-in for ETERNUS, PostgreSQL, Red Hat Ansible Automation Platform, ETERNUS SF Storage Cruiser, Infrastructure Manager Advanced Edition, 運用設計（監視・ジョブ等）, 仮想ストレージ設計, メインフレームからの移行案件経験",案件名: 官公庁データ管理システムのモダナイゼーション。メインフレーム基盤からオープン基盤へのリプレースにおける運用設計と仮想化基盤を担当。構築チーム追加あり(4月～)。時期: 2026年1月～長期。場所: 東中野。募集人数: 複数名。面談: 1回、現地対面面談(11日19:00設定済み)。勤務時間: 9:00～17:50。外国籍不可。,65万～70万円（スキルにより上振れあり）,"EBAテックより、官公庁データ管理システムのメインフレームからオープン基盤へのリプレース案件の募集。運用設計と仮想化基盤の経験者を求む。Red Hat Linux, Windows Server, VMware等の設計スキルが必須。単価65〜70万円、2026年1月からの長期案件で東中野勤務。既に面談設定済み（11日19:00）。"
"ネットワーク, FW, L3, L2, AP, 無線LAN, Windows, Linux, 仮想基盤, 詳細設計, 構築, 試験","作業場所: 飯田橋、週2～3回リモート可, 期間: 2023年11月～2026年2月（中長期）, 募集人数: 1名, 面談: 1～2回 (Web), その他条件: 月数回の客先対応（虎ノ門）あり, 月数回の地方出張あり, 商流制限（貴社まで）, 外国籍不可, 個人事業主不可, 45歳まで",~65万,"官公庁向けネットワーク更改案件における設計構築要員。各拠点ネットワーク機器（FW, L3, L2, AP等）の設計構築および現地対応、下請けベンダーとの作業調整・業務連携、成果物（設計資料、運用手順書等）の作成。"
"AWS, 仮想化基盤, UNIX, Linux, Windows, システム復旧プラン(DRP), 運用改善, ドキュメント作成","リーダー候補, 勝どき（慣れるまで常駐、その後週2程度リモート併用）, 12月～長期, 1名募集, 外国籍不可, 商流1社下まで, 年齢30-50歳以下, 面談2回, 勤務時間9-18時, 動き早い／即or1月開始",60万前後(スキル見合い),"システム運用要員（リーダー候補）の募集。オープン系システム基盤（AWS, 仮想化基盤, UNIX, Linux, Windows等）の運用保守、システム復旧プラン(DRP)整備、運用改善の経験が必須。勝どきでの常駐後、週2程度リモート併用可能な長期案件。"
"AWS, 仮想化基盤, UNIX, Linux, Windows, システム復旧(DRP), 運用改善, ドキュメント作成","リーダー候補, 勝どき(週2リモート併用), 12月～長期, 外国籍不可, 商流1社下まで, 30-50歳以下, 即日または1月開始希望",60万前後(スキル見合い),ミギテックからのシステム運用要員（リーダー候補）案件。勝どき勤務（慣れたら週2リモート可）。AWS、仮想化基盤、UNIX、Linux、Windows等のオープン系システム基盤運用保守、システム復旧、運用改善経験が必須。12月～長期希望で、単価は60万前後。30～50歳が対象で、即日または1月開始を希望。
"AWS, Linux, UNIX, Windows, 仮想化基盤","動き早いです, リモート併用(週2程度), 勝どき勤務, 即or1月～長期, 募集人数1名, 外国籍不可, 年齢30-45歳以下, 精算詳細確認中, 面談2回, 貴社1社下まで, 所属会社名開示あり, トラブル対応時直接連絡可能性あり, 勤務時間9時～18時, 運用保守経験, サービスサポート経験(メール, 電話対応), 運用設計書・手順書・作業フロー等のドキュメント作成スキル",55万前後(スキル見合い),ミギテックの佐藤氏から送られた、AWS/Linux構築、運用要員の募集案件。勝どき勤務（慣れるまで常駐、その後週2程度リモート）で、即または1月からの長期稼働を想定。必須スキルはAWS/Linux等のオープン系システム基盤運用保守経験とドキュメント作成スキル。単価は55万円前後で、30～45歳を希望。動きが早い案件とのこと。
"Linux, NW, Windows Server, Microsoft Azure, Microsoft365, Splunk Cloud, FortiGate, Cisco Firepower, Recorded Future, ZIA, ウイルスバスター, VPN, クラウド, 仮想環境, VMware, セキュリティ推進, CSIRT, ドキュメント作成","案件名: セキュリティインシデント対応, 内容: 大手企業グループ向けセキュリティ推進、実機操作なしのPMO寄り立ち回り, 場所: 丸の内or新川（リモート併用、参画後1ヶ月出社見込み、その後週1程度出社）, 期間: 1月～, 募集: 1名, 面談: 1回（WEB）, 精算: 140-180h, 時間: 9:00～17:20, 国籍: 外国籍不可, 商流: 貴社まで, 特徴: 急募、上位独占、今週中に確定必須、複数プロジェクトを並行して対応",～65万,株式会社Dexallからの、大手企業グループ向けセキュリティ推進・インシデント対応案件。実機操作なしのPMO寄りな立ち位置で、セキュリティアセスメント、CSIRT立ち上げ、脆弱性管理などを担当。Linux、NW、各種セキュリティ製品の知識が必須。丸の内/新川にてリモート併用（週1出社想定）。単価は～65万円で1月参画開始の急募案件。
"ネットワーク (FW, L3, L2, AP, 無線LAN), Windows, Linux, 仮想基盤",官公庁向けネットワーク更改案件における設計構築要員。詳細設計・構築・試験経験、無線LAN構築経験必須。設計資料レビュー経験、品質を意識した成果物作成経験。地方出張対応可能者優遇。期間11月～2026年02月。作業場所: 飯田橋（週2～3リモート可）。募集人数1名。商流制限あり（貴社まで）。外国籍・個人事業主不可。45歳まで。月数回の客先対応（虎ノ門）および地方出張の可能性あり。,~65万,EBAテック株式会社より、官公庁向けネットワーク更改案件の設計構築要員を募集。FW/L3/L2/AP等の設計構築経験と無線LAN構築経験が必須。飯田橋での勤務（週2～3リモート可）で、期間は11月から2026年2月までの中長期案件。月単価は～65万円。45歳までの外国籍不可、個人事業主不可。月数回の客先対応や地方出張の可能性あり。
"Linux, Java, Oracle, 仮想基盤, インフラ, RHEL, Apache, Tomcat, Spring MVC, OpenJDK","期間: 1月～長期想定, 場所: 東京都・西葛西 (テレワークあり), 人数: 1名, 精算: 140h～180h, 勤務時間: 9:00～18:00, 面談回数: 2回, 商流: 貴社まで, 年齢制限: 50代まで, 国籍: 日本人のみ, プロジェクト内容: 仮想基盤マイグレーション (RHEL、Oracle、Apache、Tomcat等のバージョンアップ、フレームワーク変更)",~55万,仮想基盤マイグレーション案件。株式市場での不正行為情報共有システムの基盤更改に伴い、現行共通基盤と新共通仮想基盤の差分整理、システム構成確定、既存ソースを利用したマイグレーション（ミドルウェアバージョンアップ、フレームワーク変更）を実施。Linux、仮想基盤上におけるOS・ミドルウェア設定経験必須。Java、Oracle、証券業務知識尚可。1名、1月～長期、西葛西（テレワークあり）、単価～55万。
"Linux (RHEL), Oracle DB, Apache, Tomcat, WebSphere Application Server, TERASOLUNA Server Framework for Java, Spring MVC, Java (OpenJDK), 仮想基盤 (OS/MW設定)",期間: 2026年1月～7月末、場所: 西葛西(常駐)、面談: 2回(web・対面未定)、募集人数: 1名、年齢制限: 55歳まで、商流制限: 貴社所属まで、外国籍制限: 不可、精算: 140-180、サイト: 45日、就業時間: 9:30～18:00、人物像: 自走できる方、コミュニケーション能力、指示待ち不可、健康面で不安のない方、若手枠,50万円前後,"GFD社からのインフラ基盤更改案件。株式市場の不正行為情報共有システム基盤のマイグレーション（OS:RHEL, DB:Oracle, AP:Tomcat/WebSphere, FW:TERASOLUNA/Spring MVC, Java）。Linux構築経験（設計尚良）と仮想基盤上のOS/ミドルウェア設定経験が必須。西葛西常駐、単価50万円前後、2026年1月～7月末の案件で、自走力とコミュニケーション能力が求められます。"
"インフラ構築(2-3年), Linux, 仮想基盤におけるOS・ミドルウェア設定, 証券業務知識, Java, Oracle",案件名: コンプライアンスWAN更改に伴う仮想基盤マイグレーション対応（メンバー枠）。現行RHEL5.9/Oracle11gR2/IHS8.5/WebSphere8.5/FINALUNA+Struts1.1/Java1.7からRHEL8or9/Oracle19c_21c/Apache2.4.x/Tomcat9.x/TERASOLUNA+SpringMVC/OpenJDK17への移行。仮想基盤上のOS・ミドルウェア設定、データ移行が主な対象。勤務地: 東京都・西葛西（テレワークあり）。期間: 2026年1月～長期。面談: WEB面談1～2回。募集人数: SE 1名。PC貸与あり。外国籍不可。商流: 貴社まで（支援費可能であれば1社先可）。,"50-60万円/月目安 (スキル見合い, 稼働160h/月目安, 精算幅140h-180h)",インフラ/Linux/仮想基盤上でのOS・ミドルウェア設定・構築・データ移行を含む仮想基盤マイグレーション案件。2026年1月～長期、西葛西（リモート併用）。単価50-60万円目安。外国籍不可。
"インフラ構築, Linux, 仮想基盤, OS・ミドルウェア設定, Oracle, Apache, Tomcat, Spring MVC, Java","勤務地:東京都・西葛西(テレワークあり), 期間:2026年1月～長期, 精算幅:140h～180h/月, 面談:WEB1-2回, 募集人数:1名, PC貸与あり, 外国籍不可, 商流:1社先可, 尚可:証券業務・取引所関連業務知識",50-60万位目安,コンプライアンスWAN更改に伴う仮想基盤マイグレーション対応（メンバー枠）。現行共通基盤と新共通仮想基盤の差分を要件定義で整理し、システム構成を確定。既存ソースを利用したミドルウェアバージョンアップ、フレームワーク変更等のマイグレーション。仮想基盤上のOS・ミドルウェア設定、データ移行が主な対象。
"仮想デスクトップ, Windowsクライアント, PowerShell, Windowsサーバ構築, 仮想化基盤, Active Directory, クライアント管理ツール, 障害対応","外国籍可, 年齢不問, 大規模ユーザー環境のクライアント基盤運用・保守/更改, 長期案件, 神谷町勤務, 2名募集, 即日〜長期, 休日/夜間作業可能性あり",75万,大規模ユーザー環境のクライアント基盤運用・保守・更改案件。仮想デスクトップやWindowsクライアントの運用・構築経験者を募集。神谷町勤務で即日〜長期、2名体制。外国籍・年齢不問。
"仮想デスクトップ, Windowsクライアント, PowerShell, Windowsサーバ, 仮想化基盤, Active Directory","外国籍可, 即日～長期, 2名募集, 大規模ユーザー環境, 基盤運用・保守, 更改案件, 神谷町勤務, 国籍・年齢不問",スキル見合い（75万）,大規模ユーザー環境のクライアント基盤運用・保守・更改案件にて、仮想デスクトップやWindowsクライアントの運用・構築経験があるエンジニアを2名募集。神谷町勤務、即日～長期。外国籍・年齢不問。単価スキル見合い（75万）。
"Java, Linux, RHEL, Oracle DB, Apache, Tomcat, WebSphere, Spring, Struts, TERASOLUNA, 仮想基盤, ミドルウェア設定, データ移行, 要件定義","オンプレ基盤経験, リーダー経験尚可, 自走できる方, コミュニケーション能力, 西葛西常駐, 期間:2026年1月～7月末, 年齢制限:55歳まで, 外国籍不可, 商流制限:貴社所属まで",スキル見合い (精算: 140-180),"【コンプライアンスWAN更改】株式市場における不正行為情報共有システム基盤更改プロジェクトにおけるインフラエンジニア募集。仮想基盤上のOS(RHEL)、DB(Oracle)、AP/Webサーバ(Apache, Tomcat, WebSphere)、Javaフレームワーク(TERASOLUNA, Spring, Struts)のマイグレーション(設計構築、ミドルウェア設定、データ移行)を担当。Linux設計構築、オンプレ基盤要件定義経験が必須で、自走できる方、リーダー経験者を歓迎。"
"AWS, Linux, UNIX, Windows, 仮想化基盤, 運用保守, サービスサポート, ドキュメント作成","動き早め, 12月～/即or1月～長期, リモート併用 (慣れるまで常駐、その後週2程度リモート), 勝どき, 外国籍不可, 面談2回, 貴社1社下まで (所属会社名開示あり), トラブル対応時直接連絡あり, 30-45歳以下, 勤務時間9時～18時, 一斉配信・WEB掲載NG",55万前後(スキル見合い),AWS、Linux環境におけるインフラ構築・運用保守要員（1名）の募集。運用設計書や手順書等のドキュメント作成経験が必須。勝どきで週2回程度のリモート併用が可能。12月または1月からの長期案件で、単価は55万前後（スキル見合い）、対象年齢は30～45歳。動きが早く、一斉配信・WEB掲載は不可。
"仮想化環境構築, OpenStack, Linux, TCP/IP, TeraTerm, Wireshark","場所: YRP野比駅 (常駐), 期間: 12月～2026年10月, 精算: 140-180h, 面談: 2回 (1回目弊社同席), 備考: 定時9:30-18:30, 年齢～50代, 商流御社まで, 外国籍不可, その他スキル: Office製品(ビジネスレベル), コミュニケーション力",～MAX75万,通信キャリアシステムのOpenStackベース仮想化基盤（VNFM）更改に伴う業務。仮想化機能の検証、VM生成・削除等の基盤操作、VNFM担当とAPLベンダ間の調整、試験管理、設計書レビュー、ドキュメント修正を行う。
"Linux, RHEL, 仮想基盤, Oracle DB, Apache, Tomcat, WebSphere, Java, Spring MVC, Struts, TERASOLUNA","勤務地:西葛西(常駐), 期間:2026年1月～7月末, 精算:140-180, 募集人数:1名, サイト:45日, 就業時間:9:30～18:00, 面談:2回, 商流:元請け→上位→GFD, 年齢制限:55歳まで, 商流制限:貴社所属まで, 外国籍制限:不可, その他要件:若手枠, 自走力, コミュニケーション能力, 問題解決能力, 健康面不安なし",50万円前後,"株式市場の不正行為情報共有システム基盤更改プロジェクトの案件。既存の仮想基盤上でOS・ミドルウェア設定、データ移行を実施。RHEL, Oracle DB, Apache, Tomcat, Java等のバージョンアップがメイン。Linux構築経験、仮想基盤上のOS・ミドルウェア設定経験が必須。西葛西常駐で2026年1月～7月末まで。自走力とコミュニケーション能力が求められる。"
"SecureDesktop（Soliton）, AD, Citrix VDI, 基本設計, マスターイメージ作成・チューニング経験, 仮想アプリ/デスクトップ環境調整経験","VDI刷新およびEntra ID移行プロジェクト, オンプレAD環境の現状把握, Entra ID移行設計・構築, ドメイン変更対応, SSO構成設計・設定, ドキュメント作成, 勤務時間:10:00-18:30, 面談2回, エンド直案件",75万,グループ合併に伴うVDI刷新（CitrixからSecureDesktopへ）およびEntra ID移行プロジェクト。AD環境把握、Entra ID移行設計・構築、ドメイン変更、SSO構成設計、ドキュメント作成など。SecureDesktop/ADの基本設計経験3年以上、マスターイメージ作成・チューニング経験、Citrix VDI基本設計経験が必須。12月～参画の案件。
"ネットワーク (FW, L3, L2, AP, 無線LAN), Windows, Linux, 仮想基盤, ネットワーク設計構築, SV設計構築","官公庁案件, 飯田橋, 週2～3リモート, 月数回の客先対応(虎ノ門)・地方出張あり, 商流貴社まで, 外国籍不可, 個人事業主不可, 45歳まで, 11月～2026年02月 (中長期), 面談Web1～2回",~65万,EBAテック株式会社からの、官公庁向けネットワーク更改案件における設計構築要員（1名）の募集。主な業務はネットワーク機器の設計構築、現地対応、成果物作成。飯田橋（週2～3リモート可）、単価～65万円。ネットワーク詳細設計・構築・試験経験が必須。商流は貴社まで、外国籍・個人事業主不可、45歳までの制限あり。
"インフラ運用保守, 障害対応, Linux, DB, ネットワーク, PHP, Python, クラウド, 仮想化, サーバ運用","IoTサービスインフラ運用保守, 浜松町駅常駐, 即日～長期, 1名募集, 面談1回, 商流貴社まで, 140-180H, 30代まで, 外国籍不可, オフィスカジュアル",60万円まで,IoTサービスにおけるインフラ運用保守案件の募集。浜松町駅での常駐で、Linux、DB、ネットワークに関するスキルが必須。月額単価は60万円までで、即日から長期で働ける方を求めている。
"Linux設計構築, オンプレ基盤要件定義, 仮想基盤OS設定, ミドルウェア設定, データ移行, RHEL, Oracle DB, Apache, Tomcat, WebSphere Application Server, TERASOLUNA Server Framework for Java, Spring MVC, Struts, Java, OpenJDK","リーダー経験者歓迎, 自走可能, コミュニケーション能力, 西葛西常駐, 2026年1月～7月末, 募集1名, 精算140-180, サイト45日, 就業時間9:30～18:00, 面談2回(web・対面未定), 商流(元請け→上位→GFD, 貴社所属まで), 年齢制限55歳まで, 外国籍不可, 指示待ち不可, 要件要望抽出・解決能力, 健康面不安なし",スキル見合い (精算140-180),"【コンプライアンスWAN更改】不正行為情報共有システムの基盤更改プロジェクト。仮想基盤上のOS・ミドルウェア設定、データ移行、新旧仮想基盤の差分整理とシステム構成確定、および既存システムのマイグレーション（RHEL, Oracle DB, Apache, Tomcat, Java, Spring MVC等へのバージョンアップ・フレームワーク変更）を担当。西葛西常駐、2026年1月～7月末の案件。"
"NW(物理/仮想/VPN等)環境の運用保守業務経験2年以上、Linux/Windowsサーバー運用設計/運用業務経験2年以上、Zabbixでの監視運用（監視設計・監視設定）、ベンダー調整/対ユーザー向けレポーティング経験、運用設計書/手順書など運用マニュアル作成経験、自発的な業務調整/セルフマネジメント能力。尚可: WSUS/アンチウイルス管理の環境構築/運用実務経験、bash/Python/batch等のスクリプト実装経験、NW運用保守における2次対応経験（インシデント/問題/変更/構成管理）。環境: OS: RHEL9, WindowsServer2022、SW: Cisco C9200/C891, NEC IX, Fortigate等、HW: HP, DELL、MW: ESXi8, vSAN, Zabbix7, CyberArk等。",場所: リモートワーク（必要に応じて竹橋で打合せ、スキル感により地方も可）。期間: 12月～長期（短期NG）。面談: 2回（1回目弊社同席、結果早め、事前に菅原とのコミュニケーション確認必須）。備考: 定時9:00-17:30、外国籍不可、商流御社まで、年齢50代まで。夜間休日対応、現場駆け付け対応発生可能性あり。特権ID管理システムの運用業務も担当（セキュリティ/監視基盤の運用設計・導入）。職務を熟すため業務量が多くなる可能性あり。,75万円 (精算140-180h),某コンビニ系NWシステム環境監視及びインフラ基盤の運用保守案件。運用設計、ドキュメント整備・改善、NW機器/通信に関する障害・問合せの2次対応、トラブルシューティング、運用改善提案を実施。特権ID管理システムのセキュリティ業務及び監視基盤（Zabbix含む）の運用設計・導入も担当。NW/サーバ運用設計経験とZabbix経験が必須。単金75万円、長期案件。リモート主体だが竹橋での打合せや、夜間休日/駆け付け対応の可能性あり。
必須: ネットワークに関する知識（L2～L4）、AWS/Azureなどのクラウド環境での設計・構築経験、無線APキッティングの経験（PC、スマートフォン端末の無線LAN接続含む）。その他: ネットワークに関する知識（L2～L4、L7、IPS、負荷分散、キャリア選定など）、クライアント認証の知識（LDAP、SAML、クライアント証明書）、ストレージ/仮想化技術（Hyper-V、Vmware、KVMなど）の知識・構築経験、Windows/Linuxサーバ構築・運用経験、PM/PL経験（進捗、課題、品質などの実務経験）、エンドユーザ向け提案活動/資料作成経験。,作業場所: 大手町および大崎（在宅勤務あり、月3-4回程度大手町でクラウドwifi設定作業あり）。作業期間: 1月～3月（長期可能性あり）。人数: 1名。概要: NTTグループ向けネットワーク関連サービスプロジェクト支援（無線APキッティング、ヘルプデスク、見積、設計・構築、ドキュメント作成・管理、営業・PM支援）。面談: 2回、Web。精算: あり。商流: 貴社希望。国籍: 日本。,スキル見合い,GCJからのネットワーク支援案件。大手町・大崎での勤務（在宅あり）。1名、1月～3月（長期可能性あり）。NTTグループ向けに無線APキッティング、ヘルプデスク、ネットワーク設計・構築、ドキュメント作成、営業・PM支援。必須スキルはL2-L4ネットワーク知識、AWS/Azureクラウド経験、無線APキッティング経験。
必須: インフラ運用保守経験（2年以上）、障害対応経験、LinuxをCUIで操作できる方、DBのデータ構造の概念がある方、ネットワークに関する基本知識。尚可: DBの構築、設定経験、PHPやPythonのコードの読み取りが出来る方、クラウド/仮想化環境に関する知識、サーバ運用経験（物理/仮想問わず）。,案件名: IoTサービス／インフラ運用保守、作業場所: 浜松町駅（常駐）、募集人数: 1名、開始期間: 即日～長期、面談回数: 1回、商流制限: 貴社まで、時間幅: 140-180H、年齢: 30代まで、外国籍: 不可、服装: オフィスカジュアル。,月額単価：60万円まで,IoTサービスのインフラ運用保守案件です。浜松町での常駐で、Linux、DB、ネットワークの経験必須。単価60万円まで、30代までの人材を募集しています。
"ビジネスレベル英語, Microsoft365（Intune）の知見・経験, 仮想デスクトップソリューションの管理業務経験","交代枠, 大手金融機関（海外支店）向け端末管理支援案件, ポジション:メンバー, 募集人数:1名, 開始時期:即日～(相談可), 勤務地:大崎(出社頻度応相談), 契約形態:派遣or準委任, 面談回数:2回, 支払いサイト:35, 精算幅:固定, エンド直案件",Max80万,大手金融機関（海外支店）のIntune関連案件で、離任に伴う交代枠としてビジネスレベルの英語力とMicrosoft365（Intune）の知見・経験を持つメンバーを募集。即日開始可能で、Max80万円（スキル見合い）。勤務地は大崎。
"【必要スキル】ネットワーク詳細設計・構築・試験経験、無線LAN構築経験、設計資料レビュー経験、品質を意識した成果物作成経験、地方出張対応可能なこと【尚可スキル】SV設計/構築/試験経験（Windows, Linux, 仮想基盤）","【案件名】ネットワーク更改案件における設計構築要員（官公庁）【業務内容】行政機関向けネットワーク更改案件、各拠点ネットワーク機器（FW, L3, L2, AP等）の設計構築および現地対応、下請けベンダとの作業調整・業務連携・現地対応、成果物（設計資料、運用手順書等）の作成【期間】11月～2026年02月（中長期）【作業場所】飯田橋、もしくはリモート 週2～3回可【募集人数】1名【面談】1～2回 ※Web【備考】月数回の客先対応の可能性あり（虎ノ門）、月数回の地方出張の可能性あり、商流制限：貴社まで、外国籍不可、個人事業主不可、45歳まで",~65万,EBAテック株式会社からのネットワーク更改案件における設計構築要員（官公庁向け）の募集です。飯田橋またはリモート（週2～3回）で、期間は11月～2026年02月。ネットワーク詳細設計・構築経験と無線LAN構築経験が必須で、単価は～65万。外国籍、個人事業主不可、45歳までの年齢制限があります。
"ネットワーク詳細設計・構築・試験経験, 無線LAN構築経験, 設計資料レビュー経験, 品質を意識した成果物作成経験, SV設計/構築/試験経験 (Windows, Linux, 仮想基盤), 環境: FW, L3, L2, AP, 無線LAN, Windows, Linux, 仮想基盤","案件名: ネットワーク更改案件における設計構築要員（官公庁）, 期間: 11月～2026年02月（中長期）, 作業場所: 飯田橋またはリモート週2～3回, 募集人数: 1名, 面談: 1～2回 (Web), 備考: 月数回の客先対応（虎ノ門）, 月数回の地方出張, 商流制限(貴社まで), 外国籍不可, 個人事業主不可, 45歳まで",～65万,"官公庁向けネットワーク更改案件における設計構築要員。FW, L3, L2, AP等の設計構築および現地対応。飯田橋/リモート週2-3日可。ネットワーク詳細設計・構築経験必須。単価～65万。45歳まで。"
必須: ネットワーク知識(L2～L4)、AWS/Azureなどのクラウド環境での設計構築経験、無線APキッティング経験。 歓迎: ネットワーク知識(L2～L7、IPS、負荷分散、キャリア選定など)、クライアント認証知識(LDAP、SAML、クライアント証明書)、ストレージ/仮想化技術知識・構築経験、Windows/Linuxサーバ構築運用経験、PM/PL経験、エンドユーザ向け提案活動・資料作成経験。,作業場所: 大手町、大崎、在宅勤務あり（月3-4回大手町で作業）。期間: 1月～3月（長期可能性あり）。人数: 1名。面談: 2回（Web）。商流: 貴社希望。国籍: 日本。精算: あり。,スキル見合い,NTTグループ向けネットワーク関連サービスプロジェクト支援。無線APキッティング、ヘルプデスク、見積（工数積算）、設計、構築、ドキュメント作成・管理、営業・PM（要件定義）支援など。
"Linux構築経験(設計あれば尚良), 仮想基盤上のOS・ミドルウェア設定経験, RHEL8/9, Oracle DB Server 19c/21c, Apache2.4.x, Tomcat 9.x, TERASOLUNA Server Framework for Java 5.X, Spring MVC, OpenJDK 17",業務内容: コンプライアンスWAN更改における仮想基盤上のOS・ミドルウェア設定、データ移行、マイグレーション。場所: 西葛西（常駐）。期間: 2026年1月～7月末。精算: 140-180。募集人数: 1名。サイト: 45日。就業時間: 9:30～18:00。面談: 2回(web・対面未定)。商流: 元請け→上位→GFD。年齢制限: 55歳まで。商流制限: 貴社所属まで。外国籍制限: 不可。備考: お客様と自発的にコミュニケーションが取れ、自走できる方、指示待ちでない方、適宜打合せを実施し要件要望を抽出し解決できる方、健康面で不安のない方。,50万円前後,GFDからのインフラ案件募集。コンプライアンスWAN更改プロジェクトにて、既存システムのOS/ミドルウェア/FW/DB/Javaのマイグレーションを実施。Linux構築経験、仮想基盤上のOS・ミドルウェア設定経験が必須。西葛西常駐、2026年1月～7月末、単価50万円前後。自走能力とコミュニケーション能力が求められる。
"Red Hat Enterprise Linux, Windows Server, VMware vCenter Server Appliance, BIND, chrony, PRIMECLUSTER HA Server, Veeam Backup & Replication, VMware Multi-Pathing plug-in for ETERNUS, Veeam Backup & Replication（エージェント）, PostgreSQL, Red Hat Ansible Automation Platform, ETERNUS SF Storage Cruiser, Infrastructure Manager Advanced Edition, 運用設計（監視・ジョブ設計など）, 仮想ストレージ関連の経験, メインフレーム移行に関わるプロジェクト経験","官公庁向けシステム基盤モダナイゼーション支援, サーバー運用設計・構築, 急募, 面談設定済み(18日19時), 対面面談1回即決, 交代枠, 作業期間:2026年1月～長期, 作業場所:東中野(常駐), 精算:140h～190h, 勤務時間:9:00～17:50, ~50歳目安, 外国籍不可, 長期参画歓迎",～65万円目安,"官公庁向けシステム基盤モダナイゼーション支援におけるサーバー運用設計・構築案件。Red Hat Enterprise Linux, Windows Server, VMwareなどの設計経験を持つ運用設計・基盤構築エンジニアを急募。単価目安～65万円。"
"Linux, RHEL, Oracle DB, Apache, Tomcat, WebSphere, Java, Spring MVC, TERASOLUNA, 仮想基盤",コンプライアンスWAN更改案件。既存システムの基盤更改（マイグレーション）。西葛西常駐。2026年1月～7月末。募集1名。面談2回。年齢55歳まで。外国籍不可。自走してコミュニケーションが取れる方（指示待ち不可）。リーダー経験尚可。,75～80万円 (精算140-180),GFDからのコンプライアンスWAN更改案件。Linux設計構築経験が最重要で、RHEL、Oracle DB、Apache、Tomcat、Java等のマイグレーション経験者を募集。西葛西常駐、2026年1月～7月末、単価75～80万円。自走できる方を希望。
"AWS, UNIX, Linux, Windows, 仮想化基盤, DRP","システム運用要員(リーダー候補), 勝どき(週2リモート併用可), 12月～長期, 1名, 外国籍不可, 30-50歳以下, 商流1社下, 再募集, 動き早い, 即or1月~, 短期経験少ない方, 一斉配信・WEB掲載不可",~65万(スキル見合い),"システム運用要員（リーダー候補）の募集。AWS, UNIX, Linux, Windows等のオープン系システム基盤運用保守経験5年以上必須。勝どき（週2リモート併用可）、12月～長期。単価～65万。30-50歳以下、外国籍不可。再募集で動きが早い案件。"
"仮想デスクトップ, Windowsクライアント, PowerShell, Windowsサーバ, 仮想化基盤, クライアント管理ツール, Active Directory","外国籍可, 年齢不問, 大規模ユーザー環境, クライアント基盤運用・保守/更改, 長期安定案件, 2名募集, 神谷町勤務, 即日～長期, 休日作業・夜間作業の可能性あり, エンド直案件",スキル見合い（75万）,大規模ユーザー環境のクライアント基盤運用・保守/更改案件。仮想デスクトップやWindowsクライアントの運用・構築経験者を募集。神谷町勤務、即日～長期、2名体制。単価はスキル見合い（75万）。外国籍・年齢不問。
"AWS, Linux, UNIX, Windows, 仮想化基盤, インフラ運用保守","運用設計書・手順書等のドキュメント作成スキル必須, サービスサポート経験, 短期案件経験が少ない方, 外国籍不可, 年齢30-45歳以下, 勝どき勤務（慣れるまで常駐、その後週2程度リモート）, 即or1月～長期, 1名募集, 勤務時間9時～18時, 貴社1社下まで（所属会社名開示あり）, トラブル対応時直接連絡可能性あり, 一斉配信・WEB掲載不可",~60万(スキル見合い),AWS、Linux等のオープン系システム基盤の構築・運用保守経験4年以上、およびドキュメント作成経験のあるインフラ運用要員の募集。勝どき勤務（リモート併用）で長期案件。単価はスキル見合いで～60万円。
"SecureDesktop(Soliton), AD, Citrix VDI, マスターイメージ作成・チューニング, 仮想アプリ/デスクトップ環境調整","VDI刷新およびEntra ID移行プロジェクト, 基本設計, グループ合併に伴うシステム統一, オンプレAD現状把握, Entra ID移行設計・構築, ドメイン変更対応, SSO構成設計・設定, ドキュメント作成, エンド直案件, 勤務時間: 10時～18時30分, 面談: 2回",75万,EBAテック株式会社の河野様より、VDI刷新およびEntra ID移行プロジェクトの案件情報。SecureDesktop/AD/Citrix VDIの基本設計経験者を募集。マスターイメージ作成・チューニング経験、仮想アプリ/デスクトップ環境調整経験が必須。単価は75万円で、エンド直案件。
"Linux, 仮想基盤, 上流工程, Java, Oracle","西葛西(リモート併用), 長期, WEB面談1-2回, PC貸与, 外国籍不可",~75万円/月 (140-180h),株式市場の不正行為情報共有システムの基盤更改に伴う仮想基盤マイグレーション。OS/ミドルウェア設定、データ移行が主。現行RHEL5.9/Oracle11gR2/WebSphere8.5からRHEL8or9/Oracle19cor21c/Tomcat9.xへの移行。
"ネットワーク詳細設計・構築・試験, 無線LAN構築, 設計資料レビュー, FW, L3, L2, AP, Windows, Linux, 仮想基盤, SV設計/構築/試験","官公庁案件, 飯田橋, 週2～3リモート可, 月数回虎ノ門客先対応, 月数回地方出張あり, 期間: 11月～2026年02月（中長期）, 募集人数: 1名, 商流制限: 貴社まで, 外国籍不可, 個人事業主不可, 45歳まで, 面談: 1～2回（Web）",～65万,"行政機関向けネットワーク更改案件における設計構築要員。FW, L3, L2, AP等の設計構築および現地対応。ネットワーク詳細設計・構築・試験経験、無線LAN構築経験が必須。飯田橋、週2～3リモート可。単金～65万。外国籍・個人事業主不可、45歳まで。"
"Linux, RHEL, Oracle DB, Apache, Tomcat, WebSphere, Java, OpenJDK, Spring MVC, TERASOLUNA, FINALUNA, Struts, 仮想基盤","リーダー経験, 自走力, コミュニケーション能力, 西葛西常駐, 2026年1月～7月末, 精算140-180, サイト45日, 9:30～18:00, 面談2回, 商流元請け→上位→GFD, 年齢55歳まで, 貴社所属まで, 外国籍不可",75～80万円,コンプライアンスWAN更改案件。株式市場の不正行為情報共有システムの基盤更改におけるOS・ミドルウェア設定、データ移行、マイグレーション作業。RHEL、Oracle DB、Apache、Tomcat、Java等のバージョンアップが主な業務。Linux設計構築経験が最重要で、自走力とコミュニケーション能力が求められる。西葛西常駐、2026年1月～7月末までの案件で、単価は75～80万円。年齢55歳まで、外国籍不可。
"Red Hat Enterprise Linux, Windows Server, VMware vCenter Server Appliance, BIND, chrony, PRIMECLUSTER HA Server, Veeam Backup & Replication, VMware Multi-Pathing plug-in for ETERNUS, PostgreSQL, Red Hat Ansible Automation Platform, ETERNUS SF Storage Cruiser, Infrastructure Manager Advanced Edition, 運用設計, 仮想ストレージ設計, メインフレームからの移行案件経験",官公庁データ管理システムのモダナイゼーション案件。メインフレーム基盤からオープン基盤へのリプレース、運用設計＋仮想化基盤担当。2026年1月～長期。東中野勤務。複数名募集。面談設定済み（1回、現地対面）。勤務時間9:00～17:50。外国籍不可。エンド直案件。,65~70万※スキルによって上振れあり,"官公庁データ管理システムのモダナイゼーション案件で、メインフレームからオープン基盤へのリプレースにおける運用設計・仮想化基盤担当を複数名募集。2026年1月～長期、東中野勤務。Red Hat Linux, Windows Server, VMware等の設計スキルが必須。単価は65～70万円で、面談は既に設定済み。"
"仮想デスクトップ, Windowsクライアント, PowerShell, Windowsサーバ, 仮想化基盤, クライアント管理ツール, Active Directory","大規模ユーザー環境のクライアント基盤運用・保守／更改案件, 神谷町, 即日～長期, 2名募集, 休日・夜間作業可能性あり, 外国籍・年齢不問",75万（スキル見合い）,大規模ユーザー環境のクライアント基盤運用・保守／更改案件。仮想デスクトップ、Windowsクライアント、Windowsサーバの運用・構築経験者を募集。神谷町勤務、即日～長期、2名募集、単価75万（スキル見合い）。外国籍・年齢不問。
"仮想デスクトップ, Windowsクライアント, PowerShell, Windowsサーバ, 仮想化基盤, クライアント管理ツール, Active Directory","外国籍可, 基盤運用・保守, 大規模クライアント環境, 長期安定, 勤務地:神谷町, 開始時期:即日～長期, 人数:2名, 国籍・年齢不問, 休日/夜間作業可能性あり",スキル見合い（75万）,大規模ユーザー環境のクライアント基盤運用・保守／更改案件。仮想デスクトップやWindowsクライアントの運用・構築、OS/アプリ更新、パッチ適用、権限管理、障害対応、更改プロジェクト支援など。数千台規模のクライアントを扱う環境。
"仮想デスクトップ系ソリューション運用・構築, Windowsクライアント運用・構築, バッチ系スクリプト, PowerShell, Windowsサーバ構築, 仮想化基盤運用・構築, クライアント管理ツール, Active Directory, 障害対応","外国籍可, 大規模ユーザー環境のクライアント基盤運用・保守/更改, 長期安定案件, 勤務地:神谷町, 開始時期:即日～長期, 人数:2名, 国籍・年齢不問, 大規模更新時に休日作業の可能性あり(年数回), パッチ対応等の夜間作業あり(月1回)",スキル見合い（75万）,大規模ユーザー環境のクライアント基盤運用・保守/更改案件。仮想デスクトップやWindowsクライアントの運用・構築経験を活かせる長期安定案件。神谷町勤務で、仮想デスクトップ、Windowsクライアント、PowerShell、Windowsサーバの経験が必須。単価はスキル見合いで75万円。外国籍・年齢不問で2名募集。
"Linux, RHEL, Oracle, Apache, Tomcat, Java, Spring, Struts, 仮想基盤, ミドルウェア","西葛西常駐, 2026年1月～7月末, 募集1名, 面談2回, 商流元請け→上位→GFD, 55歳まで, 外国籍不可, 自走・コミュニケーション能力重視",75～80万円,コンプライアンスWAN更改案件。株式市場での不正行為情報共有システムにおける基盤更改。既存システムのOS、DB、APサーバ、Webサーバ、フレームワーク、Javaのマイグレーション作業。Linux設計構築経験が最重要。
"OpenStack, 仮想化環境, Linux, TCP/IP, Office製品, コミュニケーション力, (尚可) TeraTerm, Wireshark",概要: 通信キャリアシステムの仮想化関連業務。OpenStackベースの仮想化基盤のVNFM更改に伴う検証、操作、調整、試験管理。場所: YRP野比駅（常駐）。期間: 2023年12月～2026年10月。精算: 140-180h。面談: 2回（1回目弊社同席）。備考: 定時9:30-18:30、年齢～50代、商流御社まで、外国籍不可、同現場別PJにて弊社経由で1名参画中。,～MAX75万,通信キャリアシステムの仮想化関連業務（OpenStack/仮想化環境/Linux）。VNFM更改に伴う検証、操作、調整、試験管理。
"AWS, Linux, UNIX, Windows, 仮想化基盤, 運用保守, ドキュメント作成, サービスサポート","勝どき（週2リモート可）, 即or1月～長期, 1名, 外国籍不可, 30-45歳以下, 勤務時間9-18時, 短期経験少ない方, 1社下まで, トラブル時直接連絡あり, インフラ運用経験者",~60万(スキル見合い),勝どき（週2リモート可）でAWS/Linux等のインフラ運用保守経験者を募集。ドキュメント作成スキルも必須。単価～60万。
"仮想デスクトップ系ソリューション運用・構築, Windowsクライアント運用・構築, バッチ系スクリプト, PowerShell, Windowsサーバ構築, 仮想化基盤運用・構築, クライアント管理ツール, Active Directory, 障害対応","外国籍可, 大規模ユーザー環境のクライアント基盤運用・保守/更改案件, 長期安定案件, 勤務地:神谷町, 開始時期:即日～長期, 人数:2名, 勤務時間:平日日勤帯（休日・夜間作業可能性あり）, 国籍・年齢不問, エンド直案件",スキル見合い（75万）,大規模ユーザー環境のクライアント基盤運用・保守/更改案件。仮想デスクトップやWindowsクライアントの運用・構築経験を活かせる長期安定案件。神谷町勤務で、Windowsサーバ構築経験やPowerShellスキルが必須。外国籍・年齢不問で、単価はスキル見合い（75万）。2名募集。
"Linux, RHEL, Oracle DB, Apache, Tomcat, WebSphere Application Server, FINALUNA, struts, TERASOLUNA Server Framework for Java, Spring MVC, Java, OpenJDK, 仮想基盤","場所: 西葛西(常駐), 期間: 2026年1月～7月末, 募集人数: 1名, 面談: 2回(web・対面未定), 年齢制限: 55歳まで, 商流制限: 貴社所属まで, 外国籍制限: 不可, 備考: 自走できる方、コミュニケーションが取れる方、指示待ち不可、健康面で不安のない方, 就業時間: 9:30～18:00, サイト: 45日, 商流: 元請け→上位→GFD","単価: 75～80万円, 精算: 140-180",GFDからのインフラ案件。コンプライアンスWAN更改における仮想基盤上のOS・ミドルウェア設定、データ移行。RHEL、Oracle、Apache、Tomcat、Javaなどのマイグレーション作業。Linux設計構築経験が最重要で、自走できる方を募集。西葛西常駐、2026年1月～7月末、単価75～80万円。
"MCM, SCCM, Windows Server, Intune, インフラ構築・更改, 仮想化, セキュリティソリューション, Citrix, AD","期間: 即日開始, 場所: 神谷町駅 (キャッチアップ後リモートメイン), 人数: 1名, 面談: 2回, 商流: 貴社社員まで (エムアイメイズは成約後抜ける), 国籍: 外国籍可 (N1必須), 年齢: 50代まで, 備考: 大規模イベント時休日出勤あり",~70万,某大手総合商社システムのインフラ・ミドル技術支援案件。MCM/SCCM、Windows Server、Intune等のインフラ構築・更改経験が必須。神谷町駅勤務（キャッチアップ後リモートメイン）。外国籍（N1必須）も応募可能。単価は～70万円。
"Linux, 仮想基盤OS/ミドルウェア設定, 上流工程, Java, Oracle",勤務地: 東京都・西葛西（テレワークあり）。期間: 2026年1月～長期。募集人数: SE 1名。面談: WEB面談1～2回。PC貸与あり。外国籍不可。証券業務、取引所関連の業務知識尚可。標準勤務時間: 9:00～18:00。,75万迄 (140-180h/月),株式市場での不正行為情報共有システムの基盤更改に伴う仮想基盤マイグレーション案件。Linux、仮想基盤OS/ミドルウェア設定、上流経験が必須。2026年1月～長期、西葛西（リモート併用）、単価75万迄。
"ネットワーク詳細設計・構築・試験経験, 無線LAN構築経験, 設計資料レビュー経験, 品質を意識した成果物作成経験, 地方出張対応, SV設計/構築/試験経験 (Windows, Linux, 仮想基盤)","業務内容: 行政機関向けネットワーク更改案件、各拠点ネットワーク機器（FW, L3, L2, AP等）の設計構築および現地対応、下請けベンダとの作業調整・業務連携・現地対応、成果物（設計資料、運用手順書等）の作成。環境: FW, L3, L2, AP, 無線LAN, Windows, Linux, 仮想基盤。期間: 即日～。作業場所: 飯田橋、週2～3リモート可。面談: 1～2回 (Web)。備考: 月数回の客先対応（虎ノ門）、月数回の地方出張、商流制限（貴社まで）、外国籍不可、個人事業主不可、45歳まで。",～65万,ネットワーク更改案件における設計構築要員（官公庁）の募集。飯田橋、週2～3リモート可。単金～65万。45歳まで、外国籍・個人事業主不可。
"SecureDesktop, AD, Citrix VDI, 仮想デスクトップ, マスターイメージ作成, チューニング, SSO","VDI刷新およびEntra ID移行プロジェクト, グループ合併に伴うシステム統一, 基本設計3年以上, オンプレADからEntra IDへの移行設計・構築, ドメイン変更対応, ドキュメント作成, 面談2回, エンド直案件, 12月開始",75万,"EBAテック株式会社からのVDI刷新およびEntra ID移行プロジェクトの案件情報。SecureDesktop, AD, Citrix VDIの基本設計経験者（3年以上）を募集。マスターイメージ作成・チューニング経験、仮想アプリ/デスクトップ環境調整経験が必須。単価75万円、12月開始予定のエンド直案件。"
"Linux, RHEL, Oracle DB, Apache, Tomcat, WebSphere, FINALUNA, Struts, TERASOLUNA, Spring MVC, Java, OpenJDK, 仮想基盤","西葛西常駐, 2026年1月～7月末, 1名募集, 面談2回, 商流元請け→上位→GFD, 55歳まで, 外国籍不可, 自走・コミュニケーション能力重視, リーダー経験尚可",75～80万円/月 (精算140-180),コンプライアンスWAN更改案件。仮想基盤上のOS・ミドルウェア設定、データ移行。RHEL、Oracle DB、Apache、Tomcat、Java等のマイグレーション作業。Linux設計構築経験必須。西葛西常駐。
"仮想デスクトップ, Windowsクライアント, PowerShell, Windowsサーバ, 仮想化基盤, クライアント管理ツール, Active Directory","外国籍可, 大規模ユーザー環境, 基盤運用・保守, 長期安定案件, 神谷町勤務, 即日～長期, 2名募集, 国籍・年齢不問, 大規模更新時に休日作業の可能性あり, パッチ対応等の夜間作業あり",スキル見合い（75万）,大規模ユーザー環境のクライアント基盤運用・保守／更改案件。仮想デスクトップやWindowsクライアントの運用・構築経験を活かせる長期安定案件。エンドユーザー向けクライアント環境の運用・保守、VDI環境の更新、OS/アプリの更新、権限管理、障害対応、更改プロジェクト支援など。
"仮想デスクトップ, Windowsクライアント, PowerShell, Windowsサーバ, 仮想化基盤, Active Directory",大規模クライアント基盤の運用・保守・更改、外国籍・年齢不問、長期、2名募集、神谷町勤務、休日・夜間作業可能性あり,スキル見合い（75万）,EBAテックからの注力案件。大規模クライアント基盤（仮想デスクトップ、Windowsクライアント）の運用・保守・更改案件で、Windowsサーバ構築経験者募集。外国籍・年齢不問で2名募集。単価75万目安。神谷町勤務。
"Linux, RHEL, Oracle DB, Apache, Tomcat, WebSphere, Java, Spring MVC, TERASOLUNA, 仮想基盤, ミドルウェア","西葛西常駐, 2026年1月～7月末, 1名募集, 面談2回, 55歳まで, 外国籍不可, 自走可能, コミュニケーション能力, 基盤更改, マイグレーション案件",75～80万円,コンプライアンスWAN更改案件における基盤更改（OS・ミドルウェアのマイグレーション）プロジェクト。RHEL、Oracle DB、Apache、Tomcat、Java等の環境で、Linux設計構築経験が必須。西葛西常駐で2026年1月～7月末までの期間、単価75～80万円。自走できコミュニケーション能力のある方を募集。
"Linux, RHEL, Oracle DB, Apache, Tomcat, WebSphere, Java, Spring MVC, TERASOLUNA, FINALUNA, struts, 仮想基盤, ミドルウェア","期間: 2026年1月～7月末, 場所: 西葛西(常駐), 面談: 2回, 商流: 元請け→上位→GFD, 年齢制限: 55歳まで, 外国籍: 不可, 募集人数: 1名, 精算: 140-180, サイト: 45日, 就業時間: 9:30～18:00, 商流制限: 貴社所属まで, 自走できる方, コミュニケーション能力",75～80万円,"コンプライアンスWAN更改案件。仮想基盤上のOS・ミドルウェア設定、データ移行、既存システムのマイグレーション（RHEL, Oracle DB, Apache, Tomcat, WebSphere, Java, フレームワーク）。Linux設計構築、仮想基盤・ミドルウェア設定経験、自走・コミュニケーション能力が必須。西葛西常駐、2026年1月～7月末、単価75～80万円。"
"Red Hat Enterpprise Linux, Windows server, VMware vCenter Server Appliance, BIND, chrony, PRIMECLUSTER HA Server, Veeam Backup & Replication, VMware Multi-Pathing plug-in for ETERNUS, Veeam Backup & Replication(エージェント), PostgreSQL(Veeam動作用), Red Hat Ansible Automation Platform, ETERNUS SF Storege Cruiser, Infrastructure Manager Advanced Edition, 運用設計（監視・ジョブ等）, 仮想ストレージ設計, メインフレームからの移行案件の経験",案件名: 官公庁データ管理システムのモダナイゼーション。メインフレーム基盤からオープン基盤へのリプレースにおける運用設計・仮想化基盤担当。2026年1月～長期。場所: 東中野。募集人数: 複数名。面談: 1回（現地対面、18日19時設定済み）。勤務時間: 9:00～17:50。外国籍不可。エンド直案件。,65~70万※スキルによって上振れあり,官公庁データ管理システムのモダナイゼーション案件で、メインフレームからオープン基盤へのリプレースにおける運用設計・仮想化基盤担当エンジニアを複数名募集。単価は65～70万円で、インフラ設計経験者を求む。
"仮想デスクトップ系ソリューション運用・構築, Windowsクライアント運用・構築, バッチ系スクリプト, PowerShell, Windowsサーバ構築, 仮想化基盤運用・構築, クライアント管理ツール, Active Directory, 障害対応","外国籍可, 国籍・年齢不問, 長期安定案件, 勤務地:神谷町, 開始時期:即日～長期, 人数:2名, 休日・夜間作業可能性あり",スキル見合い（75万）,大規模ユーザー環境のクライアント基盤運用・保守・更改案件。仮想デスクトップやWindowsクライアントの運用・構築経験を活かせる長期安定案件。
"インフラ, Linux (設計構築), RHEL, Oracle DB, Apache, Tomcat, WebSphere, Java, Spring MVC, TERASOLUNA, Struts, 仮想基盤","西葛西常駐, 2026年1月～7月末, 面談2回, 商流制限あり(貴社所属まで), 55歳まで, 外国籍不可, 自走・コミュニケーション能力重視, リーダー経験尚可",75～80万円,コンプライアンスWAN更改案件。仮想基盤上のOS・ミドルウェア設定、データ移行、基盤更改に伴うマイグレーション業務。Linux設計構築経験と仮想基盤経験が必須。自走・コミュニケーション能力重視。西葛西常駐、単価75～80万円、1名募集。
"Linux, RHEL, Oracle DB, Apache, Tomcat, WebSphere, FINALUNA, Struts, TERASOLUNA Server Framework for Java, Spring MVC, Java, OpenJDK, 仮想基盤","期間:2026年1月～7月末まで, 場所:西葛西(常駐), 募集人数:1名, 面談:2回(web・対面未定), 商流:元請け→上位→GFD, 年齢制限:55歳まで, 商流制限:貴社所属まで, 外国籍制限:不可, 自走してコミュニケーションが取れる方, リーダー経験, 指示待ち不可, 健康面で不安のない方",75～80万円,コンプライアンスWAN更改案件。株式市場での不正行為情報共有システムにおける基盤更改で、仮想基盤上のOS・ミドルウェア設定、データ移行、既存ソースのマイグレーション（ミドルバージョンアップ・フレームワーク変更）を担当。Linux設計構築経験が最重要で、自走できるリーダー候補を募集。
"Linux, RHEL, Oracle DB, Apache, Tomcat, Java, Spring MVC, 仮想基盤","インフラ, リーダー経験, 自走可能, コミュニケーション能力, 西葛西常駐, 2026年1月～7月末, 1名募集, 面談2回, 商流制限あり, 年齢制限55歳まで, 外国籍不可",75～80万円,"コンプライアンスWAN更改案件。仮想基盤上のOS・ミドルウェア設定、データ移行、既存システムのマイグレーション（RHEL, Oracle, Apache, Tomcat, Java, Spring MVCなど）。Linux設計構築経験が最重要。西葛西常駐、2026年1月～7月末、単価75～80万円。"
"Linux, RHEL, Oracle DB, Apache, Tomcat, Spring MVC, Java, OpenJDK, 仮想基盤","期間: 2026年1月～7月末, 場所: 西葛西常駐, 面談: 2回, 募集人数: 1名, 年齢制限: 55歳まで, 外国籍不可, 商流制限: 貴社所属まで, 必須: Linux設計構築経験, 仮想基盤OS/MW設定経験, 自走可能, コミュニケーション能力",75～80万円,"コンプライアンスWAN更改案件。仮想基盤上のOS・ミドルウェア設定、データ移行。既存システムのマイグレーション（RHEL, Oracle DB, Apache, Tomcat, Spring MVC, Javaのバージョンアップ）。Linux設計構築経験が最重要で、自走できる方を募集。"
"仮想デスクトップ, Windowsクライアント, PowerShell, Windowsサーバ, 仮想化基盤, クライアント管理ツール, Active Directory","外国籍可, 基盤運用・保守, 大規模ユーザー環境, 長期安定, 神谷町, 2名募集, 即日～長期, 国籍・年齢不問, 休日/夜間作業可能性あり, エンド直",スキル見合い（75万）,大規模ユーザー環境のクライアント基盤運用・保守／更改案件。仮想デスクトップやWindowsクライアントの運用・構築経験を活かせる長期案件。神谷町勤務、2名募集、単価75万目安。外国籍・年齢不問。
"仮想デスクトップ, Windowsクライアント, Windowsサーバ, PowerShell, 仮想化基盤, Active Directory","大規模ユーザー環境のクライアント基盤運用・保守/更改案件, 長期安定, 勤務地:神谷町, 人数:2名, 国籍・年齢不問, 休日/夜間作業可能性あり",スキル見合い（75万）,大規模ユーザー環境のクライアント基盤運用・保守/更改案件。仮想デスクトップ、Windowsクライアント、Windowsサーバの運用・構築経験者を募集。神谷町勤務、即日～長期、2名体制。単価75万（スキル見合い）。国籍・年齢不問。
"Red Hat Enterprise Linux, Windows server, VMware vCenter Server Appliance, BIND, chrony, PRIMECLUSTER HA Server, Veeam Backup & Replication, VMware Multi-Pathing plug-in for ETERNUS, PostgreSQL, Red Hat Ansible Automation Platform, ETERNUS SF Storage Cruiser, Infrastructure Manager Advanced Edition, 運用設計, 仮想ストレージ設計, メインフレームからの移行案件経験","案件名: 官公庁データ管理システムのモダナイゼーション, 案件内容: メインフレーム基盤からオープン基盤へのリプレース、運用設計＋仮想化基盤担当、構築チーム追加(4月～), 時期: 2026年1月～長期, 場所: 東中野, 募集人数: 複数名, 面談: 1回、現地対面面談（11日19:00~設定済み）, 備考: 勤務時間9:00～17:50, 外国籍不可, 面談設定済み",65~70万※スキルによって上振れあり,"官公庁データ管理システムのメインフレームからオープン基盤へのリプレース案件。運用設計と仮想化基盤を担当するエンジニアを複数名募集。Red Hat Linux, Windows Server, VMware等のインフラ設計スキルが必須。単価65-70万、2026年1月～長期、東中野勤務。面談設定済み。"
"Red Hat Enterpprise Linux, Windows server, VMware vCenter Server Appliance, BIND, chrony, PRIMECLUSTER HA Server, Veeam Backup & Replication, VMware Multi-Pathing plug-in for ETERNUS, Veeam Backup & Replication(エージェント), PostgreSQL(Veeam動作用）, Red Hat Ansible Automation Platform, ETERNUS SF Storege Cruiser, Infrastructure Manager Advanced Edition, 運用設計（監視・ジョブ等）, 仮想ストレージ設計, メインフレームからの移行案件の経験","案件名: 官公庁データ管理システムのモダナイゼーション, 時期: 2026年1月～長期, 場所: 東中野, 募集人数: 複数名, 面談: 1回現地対面面談(11日19:00~設定済み), 備考: 勤務時間9:00～17:50, 外国籍不可",65~70万※スキルによって上振れあり,"官公庁データ管理システムのモダナイゼーション案件で、インフラ設計経験者を複数名募集。Red Hat Linux, Windows Server, VMware等のスキルが必須。単価は65~70万。"
"Linux, RHEL, Oracle DB, Apache, Tomcat, WebSphere, Java, Spring MVC, TERASOLUNA, FINALUNA, Struts, 仮想基盤","期間: 2026年1月～7月末, 場所: 西葛西(常駐), 面談: 2回(Web・対面未定), 募集人数: 1名, 年齢制限: 55歳まで, 商流制限: 貴社所属まで, 外国籍制限: 不可, 求める人物像: 自走できる方, コミュニケーション能力, リーダー経験尚可","単価: 75～80万円, 精算: 140-180",コンプライアンスWAN更改案件。株式市場での不正行為情報共有システム基盤更改における、既存システムのOS・ミドルウェア・DB・APサーバ・Webサーバ・フレームワーク・Javaのマイグレーション作業。Linux設計構築経験が最重要。
"仮想デスクトップ, Windowsクライアント, PowerShell, Windowsサーバ, 仮想化基盤, クライアント管理ツール, Active Directory","大規模クライアント基盤運用・保守/更改案件, VDI環境, 神谷町, 2名募集, 即日～長期, 国籍・年齢不問, 休日/夜間作業可能性あり",スキル見合い（75万）,大規模ユーザー環境のクライアント基盤運用・保守/更改案件。VDI環境の更新、OS/アプリの更新、パッチ適用、障害対応、構築支援など。神谷町勤務。2名募集。単価75万円目安。国籍・年齢不問。
"Red Hat Enterprise Linux, Windows Server, VMware vCenter Server Appliance, BIND, chrony, PRIMECLUSTER HA Server, Veeam Backup & Replication, PostgreSQL, Red Hat Ansible Automation Platform, ETERNUS SF Storege Cruiser, Infrastructure Manager Advanced Edition, Powershell, 運用設計, 仮想ストレージ設計, メインフレームからの移行経験",官公庁データ管理システムのモダナイゼーション、メインフレームからオープン基盤へのリプレース、運用設計チーム2名、構築チーム1名、東中野常駐、2026年1月～長期、面談1回（現地対面）、商流貴社まで（1社先可）、外国籍・個人不可、面談設定済み,運用設計チーム: スキル見合い～70万円、構築チーム: スキル見合い～65万円（応相談）,EBAテックからの官公庁データ管理システムモダナイゼーション案件。メインフレームからオープン基盤へのリプレースに伴い、運用設計（2名）と構築（1名）を募集。Linux/Windows/VMware等のスキル必須。東中野常駐の長期案件で、面談設定済み。
"ネットワーク設計構築（FW, L3, L2, AP, 無線LAN）、Windows, Linux, 仮想基盤",期間: 2026年1月～2026年3月（スライド可能性あり）、作業場所: 飯田橋（週2～3リモート可）、客先対応あり（虎ノ門）、商流制限: 貴社まで、外国籍不可、個人事業主相談可、年齢制限: ～45歳まで,～65万,"官公庁向けネットワーク更改案件における設計構築要員。FW, L3, L2, AP等の設計構築、現地対応、ベンダ調整、成果物作成。"
"Linux, RHEL, Oracle, Apache, Tomcat, WebSphere, Java, Spring, Struts, 仮想基盤, ミドルウェア","期間: 2026年1月～7月末まで, 場所: 西葛西(常駐), 募集人数: 1名, 面談: 2回(web・対面未定), 商流: 元請け→上位→GFD, 年齢制限: 55歳まで, 外国籍制限: 不可, 求める人物像: 自走できる方, コミュニケーションが取れる方, 指示待ち不可, 健康面で不安のない方","単価: 75～80万円, 精算: 140-180","コンプライアンスWAN更改案件。仮想基盤上のOS・ミドルウェア設定、データ移行を含む既存システムのマイグレーション（RHEL, Oracle, Apache, Tomcat, WebSphere, Java, Spring, Strutsのバージョンアップ）。Linux設計構築経験が最重要。自律的に業務を進め、円滑なコミュニケーションが取れる方を募集。"
"Oracle, ネットワーク, 仮想サーバ","期間: 2026年1月～長期, 勤務地: 丸の内、虎ノ門ヒルズ（当番時は自宅待機あり）, 勤務時間: 9:00-17:30 (当番制で24時間365日対応), 年代: 20代前半～40代前半, フリーランス: 可, 外国籍: 不可, 精算方法: 140-180, その他: ドキュメント作成経験、チームワーク、コミュニケーションスキル",40万円～45万円,公共インフラの利用料金収拾システムの保守運用業務。Oracle Exadataシステム、Cisco Network機器、F5 LB、DELL Poweredge等の障害対応（ログ取得、原因救命、ベンダーエスカレーション）、計画作業、ドキュメント作成。24時間365日当番制（シフト制）。
"仮想デスクトップサーバー (Citrix, Nutanix, VMware Horizon) 構築, Windowsサーバー構築, PowerShell実務, スクリプト作成, (尚可) WindowsサーバーFU適応, (尚可) 障害対応2次切り分け","案件名: 商社向け基盤更改支援作業, 期間: 即日または1月～長期, 人数: 1名, 場所: 外苑前または神谷町 (出社), 精算: 140-200h, 面談: 1回 (上位同席), 時間: 9:00～17:30, 備考: 外国籍不可, 休日出勤年1回程度, 夜間作業月0～1回程度, 作業内容: FU展開, スクリプト作成, 保守 (障害調査・設定変更・リリース, パッチ適応, バッチ改修・テスト)","スキル①: 65～70万目安, スキル②: 60～65万目安",商社向け基盤更改支援作業のインフラ案件。仮想デスクトップサーバー、Windowsサーバー、PowerShellの実務経験者を募集。構築メインとスクリプト・保守メインの2つのスキルセットで募集。
"Linux, RHEL, Oracle DB, Apache, Tomcat, Java, Spring, WebSphere, 仮想基盤","期間: 2026年1月～7月末, 場所: 西葛西(常駐), 面談: 2回, 募集人数: 1名, 年齢制限: 55歳まで, 商流制限: 貴社所属まで, 外国籍制限: 不可, 求める人物像: 自走できコミュニケーションが取れる方, 業務内容: コンプライアンスWAN更改における基盤マイグレーション",75～80万円,"コンプライアンスWAN更改案件。RHEL, Oracle, Apache, Tomcat, Java等の基盤マイグレーション。Linux設計構築経験が最重要。西葛西常駐、2026年1月～7月末、単価75～80万円。自走できコミュニケーション能力のある55歳までのエンジニアを募集。"
"仮想デスクトップ系ソリューション運用/構築経験, Windowsクライアント(最新OS)運用/構築, バッチ系スクリプト, PowerShell読み書き, Windowsサーバ構築経験, 仮想化基盤(主要ベンダー製品)運用/構築, クライアント管理ツール知識/経験, Active Directory知識, 障害対応経験","外国籍可, 国籍・年齢不問, 勤務地:神谷町, 開始時期:即日～長期, 人数:2名, 勤務時間:平日日勤帯(休日/夜間作業の可能性あり), 大規模ユーザー環境のクライアント基盤運用・保守/更改案件, 長期安定案件",スキル見合い（75万）,大規模ユーザー環境のクライアント基盤運用・保守/更改案件。仮想デスクトップやWindowsクライアントの運用・構築経験を活かせる長期安定案件。神谷町勤務で、即日～長期、2名募集。単価はスキル見合い（75万）。外国籍・年齢不問。
"Oracle (OEMオペレーション, AWRレポート), ネットワーク, 仮想サーバ基盤, ドキュメント作成","期間: 2026年1月～長期, 場所: 丸の内, 虎ノ門ヒルズ (24時間365日当番制、自宅待機あり), 年齢層: 20代前半～40代前半, フリーランス: 可, 外国籍: 不可, 精算: 140-180, その他: 健康, チームワーク, コミュニケーションスキル",40万円～45万円,公共インフラの利用料金収拾システムの保守運用業務。OracleExadataシステム、Cisco社製Network機器、F5 LB、DELL Poweredge等の障害対応、運用作業、ドキュメント作成を担当。24時間365日当番制で、Oracle運用経験が必須。
"ネットワーク詳細設計・構築・試験経験, 無線LAN構築経験, 設計資料レビュー経験, 品質を意識した成果物作成経験, SV設計/構築/試験経験 (Windows, Linux, 仮想基盤), FW, L3, L2, AP","案件名: ネットワーク更改案件における設計構築要員（官公庁）, 業務内容: 行政機関向けネットワーク更改案件の設計構築および現地対応、下請けベンダとの調整、成果物作成, 期間: 2026年1月～2026年3月 (スライド可能性あり), 作業場所: 飯田橋 (週2～3回リモート可), 募集人数: 1名, 面談: 1～2回 (Web), 備考: 月数回の客先対応あり（虎ノ門）, 商流制限: 貴社まで, 外国籍不可, 個人事業主相談可, ～45歳まで",～65万,官公庁向けネットワーク更改案件の設計構築要員募集。飯田橋勤務、週2～3回リモート可。単金～65万。ネットワーク設計・構築経験が必須。
"Linux, RHEL, Oracle DB, Apache, Tomcat, WebSphere, Java, Spring MVC, TERASOLUNA, FINALUNA, Struts, 仮想基盤",コンプライアンスWAN更改案件。仮想基盤上のOS・ミドルウェア設定、データ移行、マイグレーション業務。Linux設計構築経験必須。西葛西常駐、2026年1月～7月末、1名募集。面談2回。年齢55歳まで、外国籍不可。自走できる方、コミュニケーション能力重視。,75～80万円,GFDからのインフラ案件募集。コンプライアンスWAN更改における仮想基盤上のOS・ミドルウェア設定、データ移行、マイグレーション業務。Linux設計構築経験者を求む。単価75～80万円。
"Linux, RHEL, Oracle DB, Apache, Tomcat, WebSphere, Java, Spring MVC, TERASOLUNA, FINALUNA, Struts, 仮想基盤","常駐, 西葛西, 1名, 面談2回, 55歳まで, 自社所属まで, 外国籍不可, 自走可能, コミュニケーション能力, 健康面問題なし",75～80万円,コンプライアンスWAN更改案件。株式市場での不正行為情報共有システムにおける基盤更改。既存ソースのマイグレーション（ミドルバージョンアップ・フレームワーク変更）が主な業務。OS、DB、APサーバ、Webサーバ、フレームワーク、Javaのバージョンアップ。Linux設計構築経験が最重要。
"Linux, RHEL, Oracle DB, Apache, Tomcat, WebSphere, Java, Spring MVC, 仮想基盤, ミドルウェア","期間: 2026年1月～7月末, 場所: 西葛西(常駐), 面談: 2回, 募集人数: 1名, 年齢制限: 55歳まで, 商流制限: 貴社所属まで, 外国籍不可, 自走・コミュニケーション能力重視, リーダー経験尚可","単価: 75～80万円, 精算: 140-180","株式市場の不正行為情報共有システムにおける基盤更改案件。仮想基盤上のOS・ミドルウェア設定、データ移行が主な業務。RHEL, Oracle, Apache, Tomcat, Java, Spring MVCなどを用いたマイグレーション作業。Linux設計構築経験と仮想基盤上のOS/ミドルウェア設定経験が必須。自走できる方を募集。"
"ネットワーク詳細設計・構築・試験, 無線LAN構築, 設計資料レビュー, FW, L3, L2, AP, Windows, Linux, 仮想基盤","期間: 2026年1月～2026年3月 (スライド可能性あり), 作業場所: 飯田橋/リモート週2-3回, 募集人数: 1名, 面談: 1-2回(Web), 客先対応(虎ノ門)月数回, 商流制限: 貴社まで, 外国籍不可, 個人事業主相談可, 年齢制限: ～45歳",～65万,"官公庁向けネットワーク更改案件における設計構築要員。行政機関向けネットワーク機器（FW, L3, L2, AP等）の設計構築、現地対応、下請けベンダとの作業調整、成果物作成。"
"C++, 画面設計, Windowsデスクトップアプリケーション開発, 結合テスト, Backlog, Redmine, C#, WPF, 要件定義, Git/GitHub, 仮想環境","期間:1月（中旬）～長期, 場所:基本フルリモート（スキルにより秋葉原出社可能性あり）, 人数:1名, 精算:140h-180h（上下割）, 面談:1回（Web）, 個人事業主:可, 外国籍:不可, 服装:オフィスカジュアル, コミュニケーション良好, 勤怠良好, 案件内容:デスクトップアプリケーション開発（エンド製品のWindowsアプリケーション開発、実現可能性調査、仮説検証）, 工程:要件定義、外部設計～テストまでの一連の開発工程",60万円程度,EBAテック株式会社からのデスクトップアプリケーション開発案件の募集。C++、画面設計、Windowsデスクトップアプリケーション開発経験者を求めており、基本フルリモート、単価60万円程度の案件です。個人事業主も可。
"Red Hat Enterprise Linux, Windows server, VMware vCenter Server Appliance, BIND, chrony, PRIMECLUSTER HA Server, Veeam Backup & Replication, VMware Multi-Pathing plug-in for ETERNUS, PostgreSQL, Red Hat Ansible Automation Platform, ETERNUS SF Storage Cruiser, Infrastructure Manager Advanced Edition, 運用設計, 仮想ストレージ設計, メインフレームからの移行経験","案件名: 官公庁データ管理システムのモダナイゼーション, 案件内容: メインフレーム基盤からオープン基盤へのリプレース、運用設計＋仮想化基盤担当, 時期: 2026年1月～長期, 場所: 東中野, 募集人数: 複数名, 面談: 1回（現地対面）, 勤務時間: 9:00～17:50, 外国籍不可, エンド直案件",65~70万※スキルによって上振れあり,"EBAテック株式会社が、ネクスライド株式会社に対し、官公庁データ管理システムのモダナイゼーション案件（インフラ/設計・構築）の要員募集を行っている。Red Hat Linux, Windows Server, VMware等のインフラ設計スキルを持つエンジニアを複数名募集。単価は65～70万円。"
"Linux, RHEL, Oracle DB, Apache, Tomcat, WebSphere Application Server, IBM HTTP Server, Java, Spring MVC, Struts, TERASOLUNA, FINALUNA, 仮想基盤","場所: 西葛西（常駐）, 期間: 2026年1月～7月末, 募集人数: 1名, 面談: 2回（Web・対面未定）, 年齢制限: 55歳まで, 外国籍制限: 不可, 商流制限: 貴社所属まで, 必須要件: Linux設計構築経験（最重要）, 仮想基盤上のOS・ミドルウェア設定経験, 自走してコミュニケーションが取れる方, 備考: 自発的なコミュニケーションと自走が求められる、健康面で不安のない方",75～80万円,"株式市場での不正行為情報共有システム「コンプライアンスWAN更改」における基盤更改案件。仮想基盤上のOS・ミドルウェア設定、データ移行、および既存システムのマイグレーション（RHEL, Oracle DB, Apache, Tomcat, WebSphere, TERASOLUNA, Spring MVC, Javaなど）を担当。Linux設計構築経験が最重要視される。"
"NW設計構築, FW, L3, L2, AP, 無線LAN, Windows, Linux, 仮想基盤","飯田橋(週2-3リモート), フレックス可, 面談1回(Web), 45歳まで, 外国籍不可, 商流不問(浅め希望), 増員枠, 官公庁向け, 月数回客先対応(虎ノ門)",65万円程度,官公庁向けネットワーク更改案件のNW設計構築要員募集。FW/L3/L2/AP/無線LAN等の設計・構築・試験、下請けベンダー調整、現地対応。飯田橋(週2-3リモート)で単価65万円程度。
"Linux, RHEL, 仮想基盤, Oracle DB, Apache, Tomcat, WebSphere, Java, OpenJDK, Spring MVC, TERASOLUNA","案件名: コンプライアンスWAN更改, 業務内容: 仮想基盤上のOS・ミドルウェア設定、データ移行、基盤更改、マイグレーション（RHEL, Oracle, Apache, Tomcat, WebSphere, Java, フレームワーク）, 必須スキル: Linux設計構築経験(最重要), 仮想基盤上のOS・ミドルウェア設定経験, 自走してコミュニケーションが取れる方, 尚可スキル: 仮想基盤上のOS、ミドルウェア設定経験, 場所: 西葛西（常駐）, 期間: 2026年1月～7月末, 募集人数: 1名, 面談: 2回（Web・対面未定）, 商流: 元請け→上位→GFD, 年齢制限: 55歳まで, 商流制限: 貴社所属まで, 外国籍制限: 不可, 備考: 自発的にコミュニケーションが取れ、自走できる方、適宜打合せを実施し、要件要望を抽出し解決できる方、健康面で不安のない方",75～80万円 (精算: 140-180),GFD社からの案件紹介。コンプライアンスWAN更改プロジェクトで、RHEL、Oracle DB、Apache、Tomcat、Javaなどの環境におけるOS・ミドルウェア設定、データ移行、基盤更改、マイグレーション業務を担当するインフラエンジニアを募集。Linux設計構築経験が最重要で、自走できるコミュニケーション能力も必須。西葛西常駐、2026年1月～7月末、単価75～80万円、面談2回。
"ネットワーク (FW, L3, L2, AP, 無線LAN), Windows, Linux, 仮想基盤",官公庁向けNW更改案件、飯田橋（週2-3リモート）、フレックス可、面談1回、45歳まで、商流不問（浅め希望）、外国籍不可、増員枠,65万円程度（スキル見合い）,株式会社ヘルスベイシスからの、官公庁向けネットワーク更改案件におけるNW設計構築要員（1名）の募集依頼。単価65万円程度、飯田橋（週2-3リモート）、45歳まで。
"仮想デスクトップ系ソリューション運用・構築, Windowsクライアント運用・構築, バッチ系スクリプト, PowerShell, Windowsサーバ構築, 仮想化基盤運用・構築, クライアント管理ツール, Active Directory, 障害対応","外国籍可, 大規模ユーザー環境のクライアント基盤運用・保守/更改, 長期安定案件, 勤務地:神谷町, 開始時期:即日～長期, 人数:2名, 勤務時間:平日日勤帯(休日・夜間作業可能性あり), 国籍・年齢不問, エンド直案件",スキル見合い（75万）,大規模ユーザー環境のクライアント基盤運用・保守/更改案件。仮想デスクトップやWindowsクライアントの運用・構築経験を活かせる長期安定案件。神谷町勤務で、即日～長期、2名募集。単価はスキル見合い（75万）。
"ネットワーク, FW, L3, L2, AP, 無線LAN, Windows, Linux, 仮想基盤, SV設計","期間: 2026年1月～2026年3月 (終了後別案件へのスライド可能性あり), 作業場所: 飯田橋 (週2～3回リモート可), 募集人数: 1名, 面談: 1～2回 (Web), 備考: 月数回の客先対応あり (虎ノ門), 商流制限: 貴社まで, 外国籍不可, 個人事業主相談可, 年齢制限: ～45歳まで",～65万,"官公庁向けネットワーク更改案件における設計構築要員募集。FW, L3, L2, AP等の設計構築、現地対応、成果物作成。飯田橋またはリモートでの作業。"
"C++, C#, WPF, 画面設計, 外部設計, Windowsデスクトップアプリ開発, 結合テスト, Backlog, Redmine, Git, GitHub, 仮想環境","フルリモート, 長期, 1名, 140-180h上下割, 面談1回(Web), フリーランス可, 外国籍不可, コミュニケーション良好, 勤怠良好",60万円程度,Windowsデスクトップアプリケーション開発案件。C++での外部設計、画面設計、実装経験が必須。基本フルリモートで長期。単価60万円程度。フリーランス可。
"Linux, RHEL, Oracle DB, Apache, Tomcat, WebSphere, Java, Spring MVC, TERASOLUNA, 仮想基盤, ミドルウェア",コンプライアンスWAN更改プロジェクトにおける基盤更改・マイグレーション業務。西葛西常駐、2026年1月～7月末。募集1名。面談2回。自走できる方、コミュニケーション能力重視。年齢55歳まで、外国籍不可。,75～80万円,"GFDからのインフラ案件。コンプライアンスWAN更改プロジェクトにおけるLinux基盤のマイグレーション業務。RHEL, Oracle DB, Apache, Tomcat, Java等のスキルが必須。西葛西常駐、2026年1月～7月末。単価75～80万円。自走できる方を募集。"
"ネットワーク知識（TCP/IPやDNS、ルーティング等）, ハードウェア知識（サーバ、ストレージ、ネットワーク機器）, サーバ運用経験（監視・障害対応・システム監視）, 仮想化技術（Vmwareベース）, 障害検知、切り分け、対応、トラブルシューティング能力, ドキュメンテーション・コミュニケーション, 運用手順書・設計書の作成・更新, バックアップ・リカバリ設計・運用, 継続的な学習意欲","期間: 26年1月以降～, 勤務地: 名古屋（一部現地対応あり）, 募集人数: 2名, 面談: 1回, 契約形態: 業務委託契約(準委任), 精算方法: 140H-180H, フリーランス: 可, 外国籍: 不可, セット提案: 可, 服装: オフィスカジュアル, サービス時間: 顧客稼働日の08:25～17:10, 計画的なイベント対応に伴う休日対応あり",スキル見合い,製造業向けインフラ基盤（仮想基盤、ADサーバ、監視サーバ、Azure）の運用支援案件。ITIL基準のインシデント対応、要求実現、キャパシティ管理、問題管理、変更管理、資産管理、イベント対応、報告対応などを行う部隊のメンバーを募集。
"Azure詳細設計, 仮想基盤, ネットワーク","週2出社（水・金）, 大崎エリア, 即日開始, 長期, 外国籍不可, 弊社交代枠",80万円程度,Azure環境におけるネットワーク詳細設計とVM払い出し支援。オンプレ共存環境での設計、ドキュメント作成、調整業務を含む。Azure詳細設計と仮想基盤経験が必須。
"NW設計構築, FW, L3, L2, AP, 無線LAN, Windows, Linux, 仮想基盤","リモート併用(週2～3日飯田橋), フレックス可, 面談1回(Web), 募集1名(増員枠), 45歳まで, 商流不問(浅め希望), 外国籍不可, 月数回客先対応(虎ノ門)",65万円程度（スキル見合い）,官公庁向けネットワーク更改プロジェクトにおけるNW設計・構築支援案件。FW/L3/L2/AP/無線LAN等の設計・構築・試験、現地対応、ベンダー調整を担当。飯田橋（週2～3日リモート）勤務。
"ネットワーク, FW, L3, L2, AP, 無線LAN, Windows, Linux, 仮想基盤","期間: 2026年1月～2026年3月 (スライド可能性あり), 場所: 飯田橋 (週2～3回リモート可), 募集人数: 1名, 商流制限: 貴社まで, 外国籍不可, 個人事業主相談可, 年齢制限: ～45歳, 客先対応あり (虎ノ門)",～65万,ネットワーク更改案件における設計構築要員募集。詳細設計～、飯田橋、週2～3リモート可。単金～65万。
"Azure, 仮想基盤, ネットワーク, Fortigate, Cisco, Alaxla, クラウド移行","週2出社（水・金）, 即日開始, 長期, 1名, 外国籍不可, 貴社まで",80万程度,Azureネットワーク／VM詳細設計支援（オンプレ共存環境）。Azure環境でのNW詳細設計、VM設定、オンプレ共存要件整理、リソース設計、ドキュメント作成、調整業務。
"Linux, RHEL, Oracle DB, Apache, Tomcat, WebSphere, Java, OpenJDK, Spring MVC, TERASOLUNA, FINALUNA, Struts, 仮想基盤","コンプライアンスWAN更改, マイグレーション, 西葛西常駐, 2026年1月～7月末, 1名募集, 面談2回, 55歳まで, 自走できる方, コミュニケーション能力, リーダー経験",75～80万円,"GFD社からのコンプライアンスWAN更改案件。RHEL, Oracle, Apache, Tomcat, Java等のマイグレーション作業。Linux設計構築経験必須。西葛西常駐、2026年1月～7月末、単価75～80万円。自走できる方を募集。"
"Linux, RHEL, Oracle DB, Apache, Tomcat, WebSphere, Java, Spring MVC, TERASOLUNA, 仮想基盤, ミドルウェア","場所:西葛西(常駐), 期間:2026年1月～7月末, 募集人数:1名, 面談:2回, 商流:元請け→上位→GFD, 年齢制限:55歳まで, 外国籍制限:不可, 自走・コミュニケーション能力重視, 精算:140-180, サイト:45日, 就業時間:9:30～18:00",75～80万円,"コンプライアンスWAN更改案件。仮想基盤上のOS・ミドルウェア設定、データ移行。RHEL, Oracle DB, Apache, Tomcat, Java等のマイグレーション。Linux設計構築経験が最重要。西葛西常駐、2026年1月～7月末、単価75～80万円。"
"Linux, RHEL, Oracle DB, Apache, Tomcat, Java, Spring MVC, TERASOLUNA, 仮想基盤, ミドルウェア",コンプライアンスWAN更改案件。仮想基盤上のOS・ミドルウェア設定、データ移行、マイグレーション業務。西葛西常駐。2026年1月～7月末。募集1名。面談2回。年齢55歳まで。外国籍不可。自走できる方、リーダー経験尚可。,75～80万円,"コンプライアンスWAN更改案件。仮想基盤上のOS・ミドルウェア設定、データ移行、マイグレーション業務（RHEL, Oracle DB, Apache, Tomcat, Java等）。Linux設計構築経験必須。西葛西常駐、2026年1月～7月末。単価75～80万円。面談2回。自走できる方、リーダー経験尚可。"
"Linux, RHEL, Oracle DB, Apache, Tomcat, WebSphere, Java, Spring, TERASOLUNA, 仮想基盤, ミドルウェア","期間: 2026年1月～7月末, 場所: 西葛西(常駐), 面談: 2回(web・対面未定), 商流: 元請け→上位→GFD, 年齢制限: 55歳まで, 外国籍制限: 不可, 特徴: 自走してコミュニケーションが取れる方, 指示待ち不可, 要件要望を抽出し解決できる方, 健康面で不安のない方",75～80万円,"コンプライアンスWAN更改案件。株式市場での不正行為情報共有システムにおける基盤更改。仮想基盤上のOS・ミドルウェア設定、データ移行、既存ソースのマイグレーション（RHEL, Oracle DB, Apache, Tomcat, Java, Springなど）。必須スキルはLinux設計構築経験、仮想基盤上のOS・ミドルウェア設定経験。期間は2026年1月～7月末、場所は西葛西。単価75～80万円。募集1名。"
"Linux, RHEL, Oracle, Apache, Tomcat, WebSphere, Java, Spring, Struts, TERASOLUNA, FINALUNA, 仮想基盤","西葛西常駐, 2026年1月～7月末, 1名, 面談2回, 55歳まで, 外国籍不可, 自走可能, コミュニケーション能力, リーダー経験",75～80万円,コンプライアンスWAN更改案件。仮想基盤上のOS・ミドルウェア設定、データ移行。RHEL、Oracle、Apache、Tomcat、Java等のマイグレーション。Linux設計構築経験、仮想基盤上のOS・ミドルウェア設定経験必須。西葛西常駐、2026年1月～7月末、単価75～80万円。
"Linux, RHEL, Oracle, Apache, Tomcat, WebSphere, Java, Spring MVC, 仮想基盤, ミドルウェア","案件名: コンプライアンスWAN更改
業務内容: 仮想基盤上のOS・ミドルウェア設定、データ移行。株式市場での不正行為情報共有システム基盤更改。
場所: 西葛西（常駐）
期間: 2026年1月～7月末
精算: 140-180
募集人数: 1名
就業時間: 9:30～18:00
面談: 2回（Web・対面未定）
商流: 元請け→上位→GFD
年齢制限: 55歳まで
商流制限: 貴社所属まで
外国籍制限: 不可
必須要件: Linux設計構築経験（最重要）、仮想基盤上のOS・ミドルウェア設定経験、自走してコミュニケーションが取れる方。
備考: 自発的にコミュニケーションが取れ、自走できる方。",75～80万円,株式市場の不正行為情報共有システム基盤更改案件。RHEL、Oracle、Apache、Tomcat、Java等のマイグレーション作業。Linux設計構築経験と仮想基盤上のOS・ミドルウェア設定経験を持つ、自走できるエンジニアを募集。西葛西常駐、2026年1月～7月末、単価75～80万円。
"ネットワーク設計構築, 無線LAN, FW, L3, L2, AP, Windows, Linux, 仮想基盤","官公庁向け, リモート併用(週2～3日), フレックス可, 面談1回(Web), 45歳まで, 外国籍不可, 商流不問(浅め希望)",65万円程度（スキル見合い）,官公庁向けネットワーク更改プロジェクトにおける設計・構築支援案件。NW機器の設計・構築・試験、現地対応、ベンダー調整を担当。飯田橋勤務（週2～3日リモート）、単価65万円程度、面談1回、45歳まで。
"Azure詳細設計, 仮想基盤, ネットワーク, Fortigate, Cisco, Alaxla, クラウド移行","週3リモート, 大崎エリア, 即日開始, 長期, 募集1名, 外国籍不可, 弊社交代枠, 面談1回",スキル見合い（80万程度）,Azureネットワーク／VM詳細設計支援（オンプレ共存環境）の案件。Azure詳細設計、仮想基盤経験必須。週3リモート、大崎エリア。単価目安80万。
"Linux, RHEL, Oracle DB, Apache, Tomcat, WebSphere, Java, Spring MVC, TERASOLUNA, FINALUNA, Struts, 仮想基盤","西葛西常駐, 2026年1月～7月末, 募集1名, 面談2回, 商流制限あり(貴社所属まで), 55歳まで, 外国籍不可, 自走・コミュニケーション能力重視",75～80万円,"コンプライアンスWAN更改案件。仮想基盤上のOS・ミドルウェア設定、データ移行、マイグレーション作業。RHEL, Oracle, Apache, Tomcat, Java等のスキルが必須。Linux設計構築経験が最重要。西葛西常駐、2026年1月～7月末、単価75～80万円。自走・コミュニケーション能力重視。"
"Linux, RHEL, Oracle DB, Apache, Tomcat, WebSphere, FINALUNA, Struts, TERASOLUNA, Spring MVC, Java, OpenJDK, 仮想基盤, OS, ミドルウェア","常駐(西葛西), 2026年1月～7月末, 募集1名, 面談2回, 商流(元請け→上位→GFD), 55歳まで, 外国籍不可, 自走できる方, コミュニケーション能力, 健康面不安なし",75～80万円,"コンプライアンスWAN更改案件。仮想基盤上のOS・ミドルウェア設定、データ移行、既存システムのマイグレーション（RHEL5.9⇒RHEL8/9, Oracle 11gR2⇒19c/21c, IBM HTTP ServerV8.5⇒Apache2.4.x, WebSphere V8.5⇒Tomcat 9.x, FINALUNA+struts 1.1⇒TERASOLUNA+Spring MVC, IBM JAVA1.7⇒OpenJDK 17）。Linux設計構築経験、仮想基盤上のOS・ミドルウェア設定経験、自走してコミュニケーションが取れる方が必須。"
"Linux (RHEL), Oracle DB, Apache, Tomcat, WebSphere, Java (OpenJDK), Spring MVC, Struts, TERASOLUNA, FINALUNA, 仮想基盤",コンプライアンスWAN更改プロジェクトにおける基盤更改・マイグレーション業務。西葛西常駐、2026年1月～7月末、募集1名。自走・コミュニケーション能力重視。年齢55歳まで、外国籍不可。商流制限あり。リーダー経験尚可。,75～80万円,GFDからのインフラ案件。コンプライアンスWAN更改プロジェクトにおける基盤更改・マイグレーション業務。Linux設計構築経験必須。西葛西常駐、2026年1月～7月末、単価75～80万円。自走・コミュニケーション能力重視。リーダー経験ある方歓迎。
"Linux, RHEL, Oracle DB, Apache, Tomcat, WebSphere, Java, Spring MVC, TERASOLUNA, FINALUNA, Struts, 仮想基盤","コンプライアンスWAN更改, 基盤更改, マイグレーション, 西葛西常駐, 2026年1月～7月末, 1名募集, 9:30～18:00, 面談2回, 商流元請け→上位→GFD, 55歳まで, 貴社所属まで, 外国籍不可, 自走できる方, コミュニケーション能力, リーダー経験","単価: 75～80万円, 精算: 140-180","GFD社からのインフラ案件募集。コンプライアンスWAN更改における基盤更改・マイグレーション業務。RHEL, Oracle, Apache, Tomcat, Java等のスキルが必須で、特にLinux設計構築経験が最重要。西葛西常駐、2026年1月～7月末、単価75～80万円。自走できコミュニケーション能力のある方を募集。"
"C++, C#, WPF, 外部設計, 画面設計, ビジネスロジック, 結合テスト, Windowsデスクトップアプリケーション開発, Backlog, Redmine, Git, GitHub, 仮想環境, 要件定義","フルリモート, フリーランス可, 長期, コミュニケーション良好, 勤怠良好, 外国籍不可, オフィスカジュアル, エンド直",60万円程度,Windowsデスクトップアプリケーション開発（エンド製品）、要件定義～テストまでの一連の開発工程、実現可能性調査、仮説検証
"仮想デスクトップ系ソリューション運用・構築, Windowsクライアント運用・構築, バッチ系スクリプト, PowerShell, Windowsサーバ構築, 仮想化基盤運用・構築, クライアント管理ツール, Active Directory, 障害対応","外国籍可, 大規模ユーザー環境, クライアント基盤運用・保守/更改, 長期安定, 神谷町, 即日～長期, 2名募集, 休日作業・夜間作業可能性あり, 国籍・年齢不問, エンド直案件",スキル見合い（75万）,【注力案件】外国籍可。大規模ユーザー環境のクライアント基盤運用・保守/更改案件。仮想デスクトップやWindowsクライアントの運用・構築経験を活かせる長期安定案件。神谷町勤務、即日～長期、2名募集、単価75万目安。
"Linux, RHEL, Oracle DB, Apache, Tomcat, WebSphere, Java, Spring MVC, Struts, TERASOLUNA, 仮想基盤","期間: 2026年1月～7月末
場所: 西葛西 (常駐)
面談: 2回 (Web・対面未定)
募集人数: 1名
年齢制限: 55歳まで
商流制限: 貴社所属まで
外国籍制限: 不可
必須要件: Linux設計構築経験 (最重要), 仮想基盤上のOS・ミドルウェア設定経験, 自走してコミュニケーションが取れる方
備考: 自発的にコミュニケーションが取れ、自走できる方 (指示待ち不可), 要件要望を抽出し解決できる方, 健康面で不安のない方
商流: 元請け→上位→GFD
精算: 140-180
サイト: 45日
就業時間: 9:30～18:00",75～80万円,コンプライアンスWAN更改案件。株式市場での不正行為情報共有システムにおける基盤更改で、仮想基盤上のOS・ミドルウェア設定、データ移行を担当。RHEL、Oracle DB、Apache、Tomcat、Javaなどのマイグレーションが主な業務。Linux設計構築経験が最重要。西葛西常駐、2026年1月～7月末までの期間で、単価は75～80万円。
"Linux, RHEL, Oracle DB, Apache, Tomcat, Java, Spring MVC, 仮想基盤","常駐, 西葛西, 2026年1月～7月末, 1名募集, 面談2回, 55歳まで, 外国籍不可, 自走できる方, コミュニケーション能力, 健康面不安なし, 商流：元請け→上位→GFD",75～80万円,GFDからのインフラ案件。コンプライアンスWAN更改における仮想基盤上のOS・ミドルウェア設定、データ移行、マイグレーション業務。Linux設計構築経験が必須で、自走できる方を募集。期間は2026年1月～7月末、単価は75～80万円。
"Linux, RHEL, Oracle DB, Apache, Tomcat, WebSphere, Java, Spring MVC, TERASOLUNA, Struts, 仮想基盤","西葛西常駐, 2026年1月～7月末, 1名募集, 単価75～80万円, 精算140-180, サイト45日, 就業時間9:30～18:00, 面談2回, 商流元請け→上位→GFD, 55歳まで, 外国籍不可, 自走可能でコミュニケーション能力が高い方, リーダー経験尚可",75～80万円,株式市場の不正行為情報共有システムにおけるコンプライアンスWAN更改案件。仮想基盤上のOS・ミドルウェア設定、データ移行、既存システムのマイグレーション（OS、DB、APサーバ、Webサーバ、フレームワーク、Javaのバージョンアップ）が主な業務。Linux設計構築経験が最重要で、自走できる方を募集。
"Linux, RHEL, Oracle DB, Apache, Tomcat, WebSphere, Java, OpenJDK, Spring MVC, TERASOLUNA, 仮想基盤","期間: 2026年1月～7月末, 場所: 西葛西常駐, 面談: 2回, 募集人数: 1名, 年齢制限: 55歳まで, 商流制限: 貴社所属まで, 外国籍不可, 自走できる方, コミュニケーション能力, リーダー経験尚可, 商流: 元請け→上位→GFD, 精算: 140-180, サイト: 45日, 就業時間: 9:30～18:00",75～80万円,"コンプライアンスWAN更改案件。株式市場での不正行為情報共有システムにおける基盤更改。仮想基盤上のOS・ミドルウェア設定、データ移行。既存ソースのマイグレーション（ミドルバージョンアップ・フレームワーク変更）。RHEL, Oracle DB, Apache, Tomcat, Java等のバージョンアップ作業。Linux設計構築経験が最重要。"
"インフラ全般, ネットワーク設計構築, サーバ構築(Dell, HPE), 仮想化(VMware), データベース(PostgreSQL, Microsoft SQLServer), OS(Windows, RHEL), Webサーバ(Apache, Tomcat), ストレージ(NetApp, PowerStore), ネットワーク機器(Cisco, Fortigate, Juniper, NEC, Apresia), セキュリティ製品(Netskope, Tanium, Intune, Entra ID, Cohesity, DataDog)","複数案件募集（インフラ、NW、セキュリティ、仮想基盤）, 作業場所（赤坂、大阪、東京）, 作業期間（即日～、2月～、3月～）, リモート併用案件あり, 出張あり案件あり, 募集人数各1名, 所属先（正社員/契約社員、不問）, 外国籍不可（一部ネイティブレベルなら要検討）, 能動的な姿勢, 顧客折衝, PM/PL経験尚可",スキル見合い,株式会社インフロントからのインフラ・ネットワーク関連の複数案件募集。北陸エリア顧客向け基盤提案/実行、物流会社向けNW設計構築支援、金融機関向けオンプレ仮想基盤更改およびセキュリティ強化の3案件。いずれも即戦力となるエンジニアを求めており、作業場所は赤坂、大阪、東京など。リモート併用や出張の可能性あり。単価はスキル見合い。
"Linux, RHEL, Oracle DB, Apache, Tomcat, FINALUNA, Struts, TERASOLUNA Server Framework for Java, Spring MVC, Java, OpenJDK, 仮想基盤",リーダー経験、Linux設計構築経験最重要、仮想基盤上のOS・ミドルウェア設定経験、自走・コミュニケーション能力、西葛西常駐、2026年1月～7月末、精算140-180、募集1名、サイト45日、就業9:30-18:00、面談2回、商流元請け→上位→GFD、年齢55歳まで、商流制限貴社所属まで、外国籍不可,75～80万円,コンプライアンスWAN更改案件。仮想基盤上のOS・ミドルウェア設定、データ移行業務。RHEL、Oracle、Apache、Tomcat、Java等のマイグレーション経験者を募集。特にLinux設計構築経験が最重要で、自走できる方を希望。西葛西常駐、2026年1月～7月末までの期間で、単価は75～80万円。面談は2回。
"Linux, RHEL, Oracle DB, Apache, Tomcat, WebSphere, Java, Spring MVC, Struts, 仮想基盤","期間: 2026年1月～7月末, 場所: 西葛西（常駐）, 面談: 2回, 募集人数: 1名, 年齢制限: 55歳まで, 外国籍制限: 不可, 商流制限: 貴社所属まで, 必須要件: Linux設計構築経験（最重要）、仮想基盤上のOS・ミドルウェア設定経験、自走してコミュニケーションが取れる方, 備考: 自発的にコミュニケーションが取れ、自走できる方、健康面で不安のない方, 商流: 元請け→上位→GFD, 精算: 140-180, サイト: 45日",75～80万円,"コンプライアンスWAN更改案件。仮想基盤上のOS・ミドルウェア設定、データ移行、マイグレーション作業（RHEL, Oracle, Apache, Tomcat, Java, Spring, Struts）。Linux設計構築経験が最重要。西葛西常駐、2026年1月～7月末。単価75～80万円。自走できる方を募集。"
"Linux, RHEL, Oracle DB, Apache, Tomcat, WebSphere, Java, Spring MVC, TERASOLUNA, FINALUNA, Struts, 仮想基盤","期間: 2026年1月～7月末, 場所: 西葛西(常駐), 面談: 2回, 募集人数: 1名, 商流: 元請け→上位→GFD, 年齢制限: 55歳まで, 外国籍不可, 自走・コミュニケーション能力重視",75～80万円,"コンプライアンスWAN更改案件で、Linux設計構築経験と仮想基盤上のOS・ミドルウェア設定経験を持つエンジニアを募集。RHEL, Oracle, Apache, Tomcat, Java等のマイグレーション作業。西葛西常駐、2026年1月～7月末、単価75～80万円。"
"ネットワーク設計構築（FW, L3, L2, AP, 無線LAN）、Windows, Linux, 仮想基盤",官公庁向け、飯田橋/リモート（週2～3回）、期間：2026年1月～3月（スライド可能性あり）、募集1名、商流制限：貴社まで、外国籍不可、個人事業主相談可、～45歳まで、月数回の客先対応あり（虎ノ門）,～65万,行政機関向けネットワーク更改案件における設計構築要員募集。飯田橋またはリモート（週2～3回）。単金～65万。期間2026年1月～3月。ネットワーク詳細設計・構築・試験経験必須。
,"開発リーダー募集, テナント家賃保証・事業用物件マッチングサイト運営, エンジニア提案時の事前確認あり",,ライトアーム株式会社の青谷様より、テナント家賃保証・事業用物件マッチングサイトの「開発リーダー」募集案件。エンジニアの紹介を求めており、案件の詳細情報（スキル、場所、期間、金額など）はテンプレート形式で提示されている。エンジニア提案時の事前確認事項も記載。
"MySQL, RDBMS, JobScheduler, bash","天王洲アイル常駐, 2025年2月開始, 1名募集, 外国籍不可",スキル見合い,通信キャリア向けERPシステムDBサーバリプレイスに伴うMySQLデータ移行対応。旧DBからのdump/restore、ジョブ構築、動作確認、エラー調査・切り分け。
"Typescript, Java",製造業向け、募集人数10名、勤務地: 日本大通り、Typescript重視の注力案件,,TypescriptとJavaスキルを持つエンジニア10名の募集案件。製造業向けで、日本大通りでの勤務。要員の提案を求めている。
"Java, Kotlin, React, TypeScript, Spring Boot, AWS","テックリード, フルリモート, 2026年1月開始, Web開発実務5年以上, コードレビュー経験, 技術選定経験, 事業会社人格, 商流貴社まで(事業主可), 外国籍不可, 就職活動支援サービスバックエンド開発, モバイル/Webアプリ開発, フレックス勤務, 清算幅140-180h, 支払いサイト35日, 面談2回",～95万円（スキル見合いで上振れ交渉可）,就職活動支援サービスのバックエンド開発業務におけるテックリード募集。Java/Kotlin/React/TypeScript/AWS等のスキルが必須で、Web開発実務5年以上、テックリード経験、技術選定経験が求められる。フルリモートで2026年1月開始、月額～95万円。
"Java, PostgreSQL, 外部設計, 要件定義",システム再構築案件、名古屋駅周辺（リモート週半分）、1月末or2月～、SEクラス、募集1名、弊社プロパー参画中、四日市/鈴鹿への同行可能性あり,スキル見合い（経験年数・経験内容により要相談）、140-180h,Javaを用いたシステム再構築案件で、外部設計以降の経験を持つSEクラスの技術者を募集。名古屋駅周辺での作業が主で、リモートも週半分程度可能。単価はスキル見合い。
"JavaScript (AngularJS, Bootstrap), HTML, CSS, ServiceNow開発 (設計～1年以上), ITSM, PM, チームリーダー, 英語, 中国語","稼働: 2月～, 場所: 六本木一丁目(常駐), 精算幅: 140-180h(中間割), 募集: 1-2名(リーダークラス1名), 外国籍: 不可(所属会社代表が中国籍の場合も提案不可), 年齢: 22-45歳(25-40歳がマッチしやすい), 商流: 貴社社員まで, 面談: 2回(2回目は対面＠六本木一丁目), 定時: 8:30-17:15, 備考: リーダーの素養、自発的な方、ServiceNowでの設計開発経験重視",スキル見合い(95万以上が不可),ServiceNowによるワークフローの構築、および、保守案件。ServiceNow開発経験1年以上必須。2月～、六本木一丁目。単価95万以下。リーダー素養のある自発的な方を希望。
"インフラPMO, 調達業務, システム構築支援, レビュー, 大規模情報システム, 官公庁案件","長期案件, 常駐(高井戸/三鷹), 募集1名, 清算140-180h, 面談2回, 商流貴社まで, 外国籍N1可, 50代前半まで, 喫煙不可",~75万円程度,某公共機関のシステム構築プロジェクトにおいて、お客様の立場からインフラ基盤に関する調達業務支援やシステム構築ベンダ成果物のレビューを行うPMO案件。2026年2月開始の長期案件で、単価は～75万円程度。
フロントエンド開発,Web申込・管理画面開発、注力案件、募集人数・人物像・希望年齢・英語力・外国籍などの条件あり、エンジニアの状況（介護、通院、精神疾患歴など）やNG企業、実績有無の事前確認あり,,Web申込・管理画面のフロントエンド開発案件の募集。エンジニアの提案を求めており、詳細な案件情報とエンジニアの事前確認事項が提示されている。
"Swift, Objective-C, Java",モバイルアプリ、アンケートアプリ、追加機能開発・保守、OIDC認証フロー対応、PL/PM経験歓迎、リモート併用（月1出社）、外国籍不可、50代まで,70万円程度（スキル見合い）,モバイルアプリの追加機能開発・保守案件。Swift/Objective-C/Java経験者で、OIDC認証フロー対応が中心。PL/PM経験歓迎。単価70万円程度、品川（リモート併用）。
"Access, VBA",某大手グループ向け、在庫管理ツール開発、注力案件、事前確認事項あり（介護、通院、精神疾患歴、実績有無、NG企業・条件）、要員提案時に並行と面談可能日時を要連絡,記載なし,某大手グループ向けの在庫管理ツール開発（Access/VBA）案件の募集。エンジニアの紹介を求めており、事前確認事項や提案時の連絡事項が記載されている。
開発経験（言語不問）、COBOL（抵抗なし）、バッチ処理、Linux（尚可）,案件名: システム開発支援（COBOL経験不問）、概要: 既存システム開発支援（COBOL開発、Linuxバッチ対応）、場所: 大森（常駐）、時期: 即日～長期、募集: 1名、面談: 2回、備考: 年齢55歳まで、外国籍不可、フリーランス可,～50万円（スキル見合い）,EBAテック株式会社からのシステム開発支援案件の募集。何かしらの開発・バッチ経験があり、COBOLに抵抗のない方を募集。大森常駐、即日～長期、単価～50万円。年齢55歳まで、外国籍不可。
"M365運用, Azure, AWS, Intune, Defender, Entra ID, SmartHR, MoneyForward, 英語でのコミュニケーション","案件名: 社内システム運用・管理支援 (M365, リモート), 勤務地: 虎ノ門 (基本リモート想定), 時期: 2026年1月中旬～ (長期), 募集人数: 1名, 面談回数: 1回, 稼働率: 100% (相談可), 英語でのコミュニケーション尚可",55〜65万円 (スキル見合い・100%換算),株式会社LeadからのM365を中心とした社内システム運用・管理支援案件の募集。M365、Azure/AWS、Intuneなどのスキルを持つエンジニアを求めており、基本リモート勤務が可能。単価は55〜65万円。
"HTML, CSS, JavaScript, jQuery, Photoshop, Illustrator, Figma, Webディレクション",週2リモート可（慣れてきたら）、大崎オフィス勤務、ポートフォリオ提出必須、社会人経験3年以上、PC貸与、外国籍不可、貴社まで（支援費対応可能な場合は1社先も可能）、作業期間：2026年1月～、精算：140-180h、面談1回,"450,000円～500,000円/月","Webデザイン＆コーディング案件。お客様提供素材を元に画像制作、画面デザイン、Webページ実装を担当。CMSツールのカスタマイズや運用、ディレクションの可能性あり。HTML, CSS, JavaScript, Photoshop, Figmaスキル必須。"
"PMO, マーケティングオートメーションツール, 英語","作業期間:即日または12月～, 作業場所:二子玉川近辺・フル出社, 契約:準委任, 想定稼働時間:160時間/月, 面談回数:1-2回, 備考:40歳前半まで, PC貸与あり, 外国籍不可",85万円/月程度,マーケティング領域におけるプロジェクト推進/企画メンバー募集。マーケティング関連プラットフォームの計画・戦略策定、社内外調整、プロジェクト推進をリードする。PMO経験2年程度が必須。マーケティングオートメーションツール運用経験、英語経験尚可。二子玉川駅近辺でのフル出社。
"React, TypeScript, JavaScript, HTML, CSS, Node.js, Java, PHP, RDB, Mongo, AWS",SaaSプロダクトのフロントエンド開発（設計/開発/テスト/運用）、大崎オフィス（週3出社/週2リモート）、45歳まで、PC貸与、外国籍不可、タスク進捗報告・業務相談を躊躇しない方,〜70万円/月（税抜）,91works株式会社からのSaaSフロントエンド開発案件。React/TypeScript必須。大崎オフィスでの週3日出社/週2日リモート。単価〜70万円。45歳までの方を募集。
"Salesforce Marketing Cloud, デジタルマーケティング, プロジェクトマネジメント, IT/マーケティング理解","オフィス常駐, フル出社, 能動的, コミュニケーション能力, 英語読み書き可能, エグゼクティブ報告経験, 即日～長期, 外国籍不可",80万円/月程度,大手通信会社におけるCRM導入（Salesforce）プロジェクトのPMO支援要員募集。ビジネス側の要件整理、技術チーム連携、報告資料作成など。
"Flutter, Dart, モバイルアプリ開発(Swift/Kotlin), Firebase, AWS, OpenAPI(Swagger)","フルリモート, 準委任, 週5日, 2026年秋まで, 外国籍NG, 年齢45歳まで",70万円,91works株式会社の自社サービス「生物情報プラットフォーム」のモバイルアプリ(Swift/Kotlin)をFlutterに移植するプロジェクトで、Flutterエンジニアを募集。フルリモート、単価70万円、2026年秋までの長期案件。外国籍NG、年齢45歳まで。
"Linux, DNS, 基本設計, 要件定義, リーダー経験",勤務地:赤坂見附(初期出社後フルリモート)、開始時期:2026/02、契約形態:準委任、時間幅:150-200h、年齢制限:50代まで、外国籍不可、募集人数:1-2名、面談1回、商流2社下まで、通信会社向け基盤構築支援、SEポジション,"700,000円〜750,000円/月",Linux/SE/サーバーエンジニアとして、通信会社向けの基盤構築支援を行う案件。Linux/DNSサーバーやクラウド環境の設計・構築・運用を担当。フルリモート可能（初期出社あり）。単金70-75万円。
"C#, 要件定義, メンバーマネジメント, アプリケーション開発, システムマイグレーション",大手造船業の人事システム刷新PJ、常駐(新高島)、年齢55歳まで、勤怠良好、1人月以下の案件との並行不可、面談2回、商流制限あり、精算固定、支払45日サイト,～100万円/月,大手造船業の人事システム刷新プロジェクトにおけるC#開発者の募集。要件定義、メンバーマネジメント、システムマイグレーション経験が必須。月額報酬～100万円。1月中旬開始。
"React (TypeScript), Python (Flask), AWS, PM/PL経験, システム開発実装経験, 基本設計, システムアーキテクト設計, ベンダーコントロール, ヘルスケア・医療業界知識, SaaS開発, オフショア開発マネジメント, Kubernetes (EKS), AWS CDK, UI/UXデザイン","期間: 即日-, 場所: 新潟県(フルリモート), 精算: 140-180h, 面談: WEB2回/弊社同席, 年齢: 48歳まで, 人数: 1名, 商流: 御社1社先まで, 外国籍不可, 長期（1年以上）勤務希望, 求められる人物像: 愛と情熱、行動力、コミュニケーションスキル、勤怠良好",スキル見合い,"医療系SaaS自社開発のベンダーコントロール/品質管理案件。PM/PLとして開発ベンダーコントロール、品質管理、プロジェクト推進を担当。React, Python, AWS等の経験が必須。フルリモート勤務可能。"
Java,エネルギー事業のCIS運用保守開発・開発支援。基幹システム開発経験、要件定義～リリース工程（上流工程）経験、ユーザーとの仕様調整経験が必須。山王駅周辺常駐、長期案件。募集人数1名。個人事業主NG。,スキル見合い,株式会社インフロントからの、エネルギー事業向けCIS運用保守開発・開発支援案件。Java開発経験3年以上、基幹システム開発経験、上流工程経験が必須。山王駅周辺常駐の長期案件で、単価はスキル見合い。
"VMware, AWS, クラウド移行, システム更改, 運用設計, PM","金融機関向け, 1名募集, 運用・移行チームリーダー/メンバー, リモート併用(週1-2出社), コミュニケーション能力",70～80万（スキル見合い）,株式会社ヘルスベイシスからの注力案件。金融機関向けシステム更改プロジェクトで、VMwareからAWSへのクラウド移行経験者を1名募集。運用・移行チームのリーダーまたはメンバーとして、移行設計、運用設計、試験立ち合いなどを担当。単価は70～80万円（スキル見合い）。リモート併用。
"仮想デスクトップ系ソリューション運用・構築, Windowsクライアント運用・構築, バッチ系スクリプト, PowerShell, Windowsサーバ構築, 仮想化基盤運用・構築, クライアント管理ツール, Active Directory, 障害対応","外国籍可, 大規模ユーザー環境のクライアント基盤運用・保守/更改案件, 長期安定案件, 勤務地:神谷町, 開始時期:即日～長期, 人数:2名, 国籍・年齢不問, 休日作業・夜間作業の可能性あり",スキル見合い（75万）,大規模ユーザー環境のクライアント基盤運用・保守/更改案件。仮想デスクトップやWindowsクライアントの運用・構築経験、Windowsサーバ構築経験が必須。神谷町勤務で即日～長期、2名募集。外国籍・年齢不問。
"仮想デスクトップ系ソリューション運用・構築, Windowsクライアント運用・構築, バッチ系スクリプト, PowerShell, Windowsサーバ構築, 仮想化基盤運用・構築, クライアント管理ツール知識, Active Directory知識, 障害対応経験","大規模ユーザー環境のクライアント基盤運用・保守／更改案件, 長期安定案件, 勤務地:神谷町, 開始時期:即日～長期, 人数:2名, 勤務時間:平日日勤帯（休日・夜間作業可能性あり）, 国籍・年齢不問, 外国籍可, エンド直案件",スキル見合い（75万）,大規模ユーザー環境のクライアント基盤運用・保守／更改案件。仮想デスクトップやWindowsクライアントの運用・構築経験を活かせる長期安定案件。神谷町勤務で、Windowsサーバ、仮想デスクトップ、PowerShell等のスキルが必須。単価はスキル見合い（75万）。外国籍・年齢不問で2名募集。
"PMO, 移行計画立案, データ移行, 金融システム, 移行関連業務経験","能動的な行動力, コミュニケーション能力, 作業場所:品川区オンサイトメイン, リモートは特別な事情がある場合のみ, 期間:即日～長期(初回1-2ヶ月契約), 精算:固定",90万まで（スキル見合い）,金融向けシステム移行推進業務のPMO/移行計画立案案件。移行関連業務経験必須。品川区オンサイトメインで長期協力予定。単価は90万円まで。
"BPO事業経験, 業務設計推進経験, 顧客折衝経験, 補助金事業経験, 審査業務経験, システム開発知見","期間: 2026年2月～長期, 場所: 志茂駅or赤羽駅 (常駐/リモート相談可), 人数: 1名, 商流: 貴社まで, 面談: 2回 (2回目対面), 備考: 外国籍不可, 45歳まで希望, 指示待ちでなく自ら業務推進できる方, 人間性重視",90万円前後※スキル見合い,補助金事業における業務設計～運用支援案件。要件整理、業務設計推進、運用を担当し、顧客PMのサポートも行う。
"SQL, Oracle, VIEW","現場経験2年以上, コミュニケーション良好, 長期参画可能, 公共系システム保守・移行, 名古屋駅常駐, 出張あり, 商流浅い方優先, 40代まで, 外国籍不可","スキル見合い（45万円程度）, 清算幅140-180h",名古屋の公共系基幹システム保守・移行案件。SQL経験2年以上必須。Oracle/VIEW経験尚可。単価45万円程度。長期参画可能な40代までのエンジニアを募集。
"Bash, シェル, Java, AWS, Linux, Unix, DB2, WAS, JavaScript",天王洲アイル（基本出社、週1在宅可）、2月～長期、PG 2名募集（50代前半まで）、外国籍不可、個人事業主可、コミュニケーション力必須、銀行業務知識尚可,～60万,顧客システムをオンプレからAWSへ更改する案件で、Bashシェルを用いた保守開発エンジニアを募集。詳細設計以降の工程を担当。天王洲アイル勤務、2月～長期、単価～60万。
"PMO, 要件定義, スコープ定義, 英語, マーケティングオートメーション","楽天モバイル, マーケティング領域, スピード感, 常駐, 二子玉川, 貴社まで(1社先可), 40代まで",60万（スキル見合い）,楽天モバイルのマーケティング領域におけるPMO/要件定義/スコープ定義案件。英語必須。単価60万（スキル見合い）。二子玉川常駐。40代まで。
"Windows, Linux, VMware, JP1, サーバー維持保守, A-Auto, FortiGate/BIG-IP, HULFT, RedMine","案件名:勤怠管理、人事給与関連システムの維持保守, 契約形態:SES(準委任), 商流制限:御社まで, 期間:2026/2/1～, 場所:戸塚/舞岡(客先データセンター), 時間:シフト制(8-17時/13-22時), 休日出勤あり(月1回), 人数:1名, 面談:2回, その他:勤怠良好、戸塚通勤可能、勤務形態理解",～50万,EBAテックからのサーバー維持保守案件。勤怠管理・人事給与システム関連。Windows/Linux、VMware、JP1等のスキル必須。戸塚常駐、シフト制。単価～50万。1名募集。
"Linux, RHEL, Oracle DB, Apache, Tomcat, WebSphere, Java, Spring MVC, TERASOLUNA, Struts, 仮想基盤, ミドルウェア","場所: 西葛西(常駐), 期間: 2026年1月～7月末, 面談: 2回, 商流: 元請け→上位→GFD, 年齢制限: 55歳まで, 外国籍不可, 自走できる方, コミュニケーション能力",75～80万円,"株式市場での不正行為情報共有システムの基盤更改案件。仮想基盤上のOS・ミドルウェア設定、データ移行、既存ソースのマイグレーション（RHEL, Oracle, Apache, Tomcat, WebSphere, Java, フレームワーク）を担当。"
"Prisma Access, SASE, NW, FW, M365, PaloAlto, CCNP",ハイブリッド勤務（高輪週3出社）、2026年2月開始（長期）、フリーランス可、地方要員不可、PM経験、ベンダーコントロール経験、コミュニケーション能力、課題解決能力,スキル見合い,某流通企業向けSASE（Prisma Access）導入プロジェクトにおけるネットワークセキュリティ刷新PM。構築は外部ベンダーが実施するため、PMとして推進・ベンダーコントロール・調整・進行管理・課題管理・品質管理がメイン業務。
"ネットワーク, TCP/IP, DNS, ルーティング, ハードウェア, サーバ運用, 監視, 障害対応, Vmware, Azure, Windows, ADサーバ, ドキュメンテーション, バックアップ","勤務地:名古屋, 募集:2名, 期間:26年1月～, 面談:1回, フリーランス可, 外国籍不可, セット提案可, 精算:140-180H, 業務委託(準委任), 休日対応あり",スキル見合い,"製造業向けインフラ基盤（仮想基盤, AD, 監視, Azure）の運用支援案件。ITIL基準のインシデント/要求/変更管理、各種イベント対応、報告業務。名古屋勤務で2名募集。"
"L2/L3ネットワーク機器(Cisco)設計構築, IDS/IPS, プロキシ, 無線AP(Aruba), ネットワークフォレンジック機器","勤務地:八丁堀常駐（市ヶ谷出社可能性あり、25年12月まで週1テレワーク検討可、26年1月以降基本出社）, 期間:1月以降-26年9月末予定, 面談:1回, 募集:1名, 貴社社員or貴社直個人事業主まで, 一定期間の土日日中帯作業許容（代休取得前提）, フリーランス可, 外国籍不可, セット提案可, 服装:オフィスカジュアル, 契約形態:業務委託契約(準委任), 官公庁向け経験尚可, エンドユーザ/ベンダ折衝経験尚可, 能動的に参画できる方","スキル見合い, 精算:140-180",官公庁向けOAシステム構築・設計支援案件。オンプレからM365導入を中心としたクラウドサービスへの移行に伴う、ネットワーク・セキュリティ設計、サービス設計、端末設計等。ネットワークチームの一員として、オンプレ側担当の設計構築を担う。
"ExO, Teams, Intune, M365, Azure AD, Graph API",官公庁向けOAシステム基盤運用支援、M365基盤運用チーム、八丁堀or大崎常駐、ASAP～長期、1名募集、面談1回、フリーランス可、外国籍不可、140H-180H精算,スキル見合い,"官公庁向けOAシステム基盤の運用支援案件。M365基盤運用チームにてExO, Teams, Intune, Azure AD等の経験を持つエンジニアを募集。八丁堀or大崎常駐、ASAP～長期、単価スキル見合い。"
"SD-WAN(Cisco Secure Access), Azureネットワーク設計構築, IDS/IPS, プロキシ, 官公庁向け経験, 折衝・コントロール経験","期間: 2025年1月以降-2026年9月末予定, 勤務地: 八丁堀常駐（市ヶ谷の可能性あり、2025年12月までは週1日程度のテレワーク検討可、2026年1月以降は基本出社）, 面談: 1回, 募集人数: 1名, 備考: 貴社社員or貴社直個人事業主優先、一定期間の土日日中帯作業許容（代休取得前提）, フリーランス: 可, 外国籍: 不可, セット提案: 可, 服装: オフィスカジュアル, 契約形態: 業務委託契約(準委任)",スキル見合い (精算: 140-180),官公庁向けOAシステムの設計・構築支援案件。オンプレからM365導入を中心としたクラウドサービスへの移行プロジェクトで、ネットワークチームの一員としてクラウド側の設計構築を担当。ネットワーク・セキュリティ設計、サービス設計、端末設計等を進める。
"OutSystems, RPA (PowerAutomate), Java, Javascript, Typescript, ProCobol, Shell, AWS",名古屋・豊田市周辺、リモート併用可案件あり、個人事業主可否は案件による、長期参画歓迎、複数名募集案件あり,"スキル見合い, 50万円台前半まで",株式会社インフロントからの注力案件紹介。OutSystems、RPA、Java、Typescript、ProCobol、AWSなどの技術者を募集。名古屋・豊田市周辺でリモート併用可能な案件も含む。個人事業主可否は案件による。
"仮想デスクトップ, Windowsクライアント, PowerShell, Windowsサーバ, 仮想化基盤, クライアント管理ツール, Active Directory",大規模クライアント基盤運用・保守/更改、神谷町、即日～長期、2名募集、外国籍・年齢不問、休日/夜間作業可能性あり,スキル見合い（75万）,大規模クライアント基盤の運用・保守/更改案件。仮想デスクトップ、Windowsクライアント、Windowsサーバ経験者募集。神谷町勤務、単価75万、2名募集、外国籍・年齢不問。
"Azure, 仮想基盤, ネットワーク, Fortigate, Cisco, Alaxla",週2出社（水・金）、即日～長期、外国籍不可、弊社交代枠、大崎エリア,80万程度,Azureネットワーク／VM詳細設計支援（オンプレ共存環境）。Azure環境のネットワーク詳細設計、VM設定、オンプレ共存要件整理、リソース構成設計、ドキュメント作成、調整業務。
"TypeScript, React, PostgreSQL, Linux, mcframe, 基本設計","フルリモート, リモート併用可, 個人事業主OK, アジャイル開発経験, DDD, GIS, VC++開発経験, リード・フォロー経験, ドキュメント作成能力, コミュニケーション能力, 名古屋市内出社あり, 東海三県住まいの方希望",スキル見合い (140-180h),"株式会社インフロントからの複数案件募集。共通ライブラリ開発（TypeScript, React等、フルリモート、個人事業主OK）と製造業mcframeシステム構築（mcframe経験者、リモート併用可、名古屋出社あり）の技術者を募集。"
"VB.NET, .NET Framework, DB設計, WinForms","常駐, 岩本町, 面談1回, 外国籍可, 複数名募集 (SE1名, PG2名), 2026年1月～, 商流貴社まで",60万前後（スキル見合い）,VB.NET / .NET Frameworkを用いた業務アプリケーション開発案件。WinForms、帳票作成、DB連携を含む業務アプリケーション開発の基本設計～総合テストを担当。
"ネットワーク設計, CISCO系NW機器構築・設定, CCNP/CCNA, CISCO ACI, Firewall, LoadBalancer","作業場所:赤坂見附/溜池山王(テレワーク主体), 期間:1月～長期, 人数:1名, 精算:140H-180H, 年齢:40才以下, 国籍:日本, 顔合わせ:Max2回, 深夜商用作業あり",～75万円,キャリア系データセンタネットワークのSI案件。ネットワーク設計～構築を担当。CISCO系NW機器の経験必須。
"Windows Server, VMware, CCNA, Cisco, Fotigate, RHEL, Hyper-V, VxRail, PowerEdge, Horizon Client","維持管理保守, 運用保守, 長期, リモート併用(大崎), 商流制限(貴社まで), 面談2回, インフラ維持管理経験3年以上, ドキュメント作成経験, 課題改善経験, コミュニケーション能力, 自発性, 運用設計経験(尚可)",MAX70万,某SIerの運用保守案件における支援業務。約300件の運用保守案件の管理、コールセンター管理、各案件フォローを担当。サーバ・NW両方の技術領域に触れる。
"Azure, 仮想基盤, ネットワーク",週2出社（水・金）のリモート併用（大崎エリア）、即日開始、長期、外国籍不可、弊社交代枠、Azure詳細設計/VM払い出し経験重視,80万程度（スキル見合い）,Azureネットワークと仮想基盤の詳細設計支援。オンプレ共存環境でのAzureネットワーク設計、VM設定、ドキュメント作成、調整業務。
"VB.NET, VisualStudio, SQL Server",オンライン納付機能追加、単体・結合・総合テスト、単体・結合仕様書作成、打鍵、障害分析経験、場所:赤坂見附/霞が関、期間:2026年1月～、面談:弊社同席1回、募集:1名、商流:貴社社員のみ、外国籍不可,MAX60万,オンライン納付機能追加案件。VB.NET、VisualStudio、SQL Server経験者募集。単体・結合・総合テスト工程。MAX60万。赤坂見附/霞が関。2026年1月～。
"システム開発PJ経験3年以上, リーダー経験, 日英コミュニケーション, プロジェクト管理ツール使用経験","派遣のみ, 品川シーサイド（出勤多め）, 1月下旬～2月開始, 面談2回, 支払いサイト45日, 弊社メンバー参画, 若手多め, 外国籍は国内経験5年以上, プログラミングスキル不要（テスト経験可）, インド人エンジニアとの連携あり",140-180万円/月（スキル見合い）,課金システム開発PJのテストフェーズにおける日英ブリッジ対応。海外ベンダーと国内担当者の間に入り、問題解決や会議参加を通じてPJをサポートする。
"C++, 組込",勤務地: 東京/千葉/神奈川/リモート併用/フルリモート、期間: 即日～中長期、面談1回、年齢不問、複数名募集、商流: 現場→弊社、概要: C++組込システムの設計・構築・保守開発,50～max70万前後,Astro社からのC++組込案件。東京/千葉/神奈川またはリモートで、50～70万円。複数名募集。
"AWS, クラウド設計・構築, インフラ, Azure, 上流工程, 開発","勤務地: 東京/千葉/神奈川/リモート併用/フルリモート, 期間: 即日～中長期, 面談: 1回(Web), 年齢不問, 複数名募集(SE/PG), 商流: 現場→弊社",60～100万円/月 (精算あり),某業界向けシステムのクラウド設計・構築案件。AWS経験必須のインフラエンジニアを複数名募集。リモートワーク可能で、単価は60～100万円。
"PL/SQL, RDB, 上流工程, データベース","SE/PG, 年齢不問, 東京/千葉/神奈川/リモート併用, 即日～中長期, 複数名募集, 商流：現場→アストロ, 面談1回(Web), システム開発(既存/新規), 基本設計～テストまたは下流工程, システム保守開発",50～max80万前後（精算あり）,"株式会社アストロからのSE/PG募集案件。PL/SQL, RDB開発経験必須。東京/千葉/神奈川またはリモート併用。単価50～80万円。複数名募集で年齢不問。基本設計～テストまたは下流工程を担当。"
"Java, Spring, AWS, SpringBoot","年齢不問, 複数名募集(SE & PG), 場所選択可能(東京/千葉/神奈川/フルリモート/テレワーク併用), 期間:即日or2月～中長期想定, 商流:現場→弊社, 面談1回(Web面談、弊社同席), 上流工程経験尚可",50～max85万前後（精算あり）,某業界向けシステム開発案件。民間企業向けシステム開発（既存/新規）における基本設計～テスト、または下流工程（製造メイン）～システム保守開発関連。募集ポジションはスキル見合いで相談。
"PHP, AWS, Laravel","年齢不問, 複数名募集 (SE/PG), 東京/千葉/神奈川またはフルリモート, 即日～中長期, 面談1回 (Web), 基本設計～テスト (下流工程メインも可)",50～max85万前後（精算あり）,某業界向けシステム開発案件のSE/PG募集。PHP必須、AWS/Laravel尚可。東京/千葉/神奈川またはフルリモート。単価50～85万。
"Cisco, Aruba, PaloAlto, FortiGate, Meraki, Mist, A10, BIG-IP, ネットワーク, L2/3, LB/FW, 無線, SASE, セキュリティ, 要件定義, 基本設計, 詳細設計, 構築, 単体試験, 結合試験, AWS, Azure, MS365","リーダ/メンバー複数名募集, プロジェクトリーダ経験, メンバー育成経験, 詳細設計工程経験, ネットワーク構成図作成, 準委任, 商流制限:貴社まで(個人事業主可), 2026年1月～長期, 飯田橋(リモートあり), 9:00-17:30(深夜/休日勤務可能性あり), 面談2回(1回目弊社同席)",スキル見合い,"GFD社からのネットワークインテグレーション案件。ネットワークエンジニア（リーダ/メンバー）を複数名募集。要件定義から構築、試験まで幅広い工程に対応。Cisco, PaloAlto, FortiGate, Meraki等の機器経験者。2026年1月～長期、飯田橋（リモートあり）。単価はスキル見合い。"
"M365, メール, SharePoint Online, OneDrive, Teams, Entra ID","PJ概要: Microsoft365環境改善, ポジション: 上流検討補佐, 募集人数: 2名, 稼働率: 1人月優先（部分稼働相談可）, 背景: M365有識者不足とグループ会社間の情報統制課題解決, 尚可: 金融機関での経験, 開始時期: 2月（中旬の可能性あり）, 契約形態: 準委任, 勤務地: 大手町（出社メイン）, 面談: 1回, 支払いサイト: 40日, 精算幅: 固定, 備考: 日本国籍のみ、55歳未満、遠方在住不可, その他: エンド直案件",上限130万円,Microsoft365環境改善プロジェクトにおける上流検討補佐の募集。M365経験者2名を上限130万円で募集。大手町勤務、2月開始。
"プロジェクトマネージメント, システム運用, SDLC, テクニカルナレッジ","製薬会社, 英語（読み書き・会話）, コミュニケーション能力, 外国籍不可, 飯田橋（リモート併用）, 2月～長期, 土日夜間対応の可能性あり",スキル見合,製薬会社でのPM・社員代替業務。各種調査、アプリサポート、PM、ビジネス要件取りまとめ、エンドユーザサポート、アドミン業務。PM経験、システム運用経験、SDLC理解、テクニカルナレッジ、英語、コミュニケーション能力が必須。飯田橋（リモート併用）で2月～長期。外国籍不可。
"HTML, CSS, JavaScript, SQL, BIツール","場所: 橋本駅(ほぼフルリモート), 期間: 2025年1月～長期, 募集: 若干名, 面談2回, 外国籍不可",スキル見合,"BIツールを用いたIoTシステム開発案件。HTML, CSS, JavaScript, SQLの経験者を募集。"
"DBA, Oracle DB, DBエンジニア","年齢不問, テレワーク併用可, 東京都都心部エリア, 即日または2月～長期, Oracle DBA関連作業（設計～構築～リリースを想定）",50～max90万前後（精算あり）,某企業向けシステム対応支援（DBA）の案件。Oracle DBA経験者を募集しており、単価は50～90万円前後。テレワーク併用可、年齢不問。